Date,PR
2019-07-01,69.57567588
2019-07-01,69.57567588
2019-07-01,69.57567588
2019-07-01,69.57567588
2019-07-02,79.31441128
2019-07-02,79.31441128
2019-07-02,79.31441128
2019-07-02,79.31441128
2019-07-03,61.02000579
2019-07-03,61.02000579
2019-07-03,61.02000579
2019-07-03,61.02000579
2019-07-04,83.26257616
2019-07-04,83.26257616
2019-07-04,83.26257616
2019-07-04,83.26257616
2019-07-05,82.12444039
2019-07-05,82.12444039
2019-07-05,82.12444039
2019-07-05,82.12444039
2019-07-06,82.76417228
2019-07-06,82.76417228
2019-07-06,82.76417228
2019-07-06,82.76417228
2019-07-07,69.92450703
2019-07-07,69.92450703
2019-07-07,69.92450703
2019-07-07,69.92450703
2019-07-08,84.78915116
2019-07-08,84.78915116
2019-07-08,84.78915116
2019-07-08,84.78915116
2019-07-09,79.15239303
2019-07-09,79.15239303
2019-07-09,79.15239303
2019-07-09,79.15239303
2019-07-10,69.0858989
2019-07-10,69.0858989
2019-07-10,69.0858989
2019-07-10,69.0858989
2019-07-11,70.93888623
2019-07-11,70.93888623
2019-07-11,70.93888623
2019-07-11,70.93888623
2019-07-12,72.4561298
2019-07-12,72.4561298
2019-07-12,72.4561298
2019-07-12,72.4561298
2019-07-13,82.22091259
2019-07-13,82.22091259
2019-07-13,82.22091259
2019-07-13,82.22091259
2019-07-14,71.86190426
2019-07-14,71.86190426
2019-07-14,71.86190426
2019-07-14,71.86190426
2019-07-15,71.17281927
2019-07-15,71.17281927
2019-07-15,71.17281927
2019-07-15,71.17281927
2019-07-16,74.83322027
2019-07-16,74.83322027
2019-07-16,74.83322027
2019-07-16,74.83322027
2019-07-17,81.27245261
2019-07-17,81.27245261
2019-07-17,81.27245261
2019-07-17,81.27245261
2019-07-18,62.76812143
2019-07-18,62.76812143
2019-07-18,62.76812143
2019-07-18,62.76812143
2019-07-19,60.52690499
2019-07-19,60.52690499
2019-07-19,60.52690499
2019-07-19,60.52690499
2019-07-20,76.94910025
2019-07-20,76.94910025
2019-07-20,76.94910025
2019-07-20,76.94910025
2019-07-21,65.36504375
2019-07-21,65.36504375
2019-07-21,65.36504375
2019-07-21,65.36504375
2019-07-22,60.24257169
2019-07-22,60.24257169
2019-07-22,60.24257169
2019-07-22,60.24257169
2019-07-23,79.32111993
2019-07-23,79.32111993
2019-07-23,79.32111993
2019-07-23,79.32111993
2019-07-24,75.44610622
2019-07-24,75.44610622
2019-07-24,75.44610622
2019-07-24,75.44610622
2019-07-25,76.36421888
2019-07-25,76.36421888
2019-07-25,76.36421888
2019-07-25,76.36421888
2019-07-26,70.66236611
2019-07-26,70.66236611
2019-07-26,70.66236611
2019-07-26,70.66236611
2019-07-27,61.16419358
2019-07-27,61.16419358
2019-07-27,61.16419358
2019-07-27,61.16419358
2019-07-28,68.92173916
2019-07-28,68.92173916
2019-07-28,68.92173916
2019-07-28,68.92173916
2019-07-29,76.29448028
2019-07-29,76.29448028
2019-07-29,76.29448028
2019-07-29,76.29448028
2019-07-30,78.96251489
2019-07-30,78.96251489
2019-07-30,78.96251489
2019-07-30,78.96251489
2019-07-31,83.30060519
2019-07-31,83.30060519
2019-07-31,83.30060519
2019-07-31,83.30060519
2019-08-01,63.13507679
2019-08-01,63.13507679
2019-08-01,63.13507679
2019-08-01,63.13507679
2019-08-02,79.00013668
2019-08-02,79.00013668
2019-08-02,79.00013668
2019-08-02,79.00013668
2019-08-03,67.11638614
2019-08-03,67.11638614
2019-08-03,67.11638614
2019-08-03,67.11638614
2019-08-04,78.09573286
2019-08-04,78.09573286
2019-08-04,78.09573286
2019-08-04,78.09573286
2019-08-05,82.72169284
2019-08-05,82.72169284
2019-08-05,82.72169284
2019-08-05,82.72169284
2019-08-06,81.31577325
2019-08-06,81.31577325
2019-08-06,81.31577325
2019-08-06,81.31577325
2019-08-07,77.85296729
2019-08-07,77.85296729
2019-08-07,77.85296729
2019-08-07,77.85296729
2019-08-08,72.92912895
2019-08-08,72.92912895
2019-08-08,72.92912895
2019-08-08,72.92912895
2019-08-09,76.33996613
2019-08-09,76.33996613
2019-08-09,76.33996613
2019-08-09,76.33996613
2019-08-10,76.52966533
2019-08-10,76.52966533
2019-08-10,76.52966533
2019-08-10,76.52966533
2019-08-11,74.37988669
2019-08-11,74.37988669
2019-08-11,74.37988669
2019-08-11,74.37988669
2019-08-12,60.66216854
2019-08-12,60.66216854
2019-08-12,60.66216854
2019-08-12,60.66216854
2019-08-13,81.58867858
2019-08-13,81.58867858
2019-08-13,81.58867858
2019-08-13,81.58867858
2019-08-14,65.42674584
2019-08-14,65.42674584
2019-08-14,65.42674584
2019-08-14,65.42674584
2019-08-15,67.91924654
2019-08-15,67.91924654
2019-08-15,67.91924654
2019-08-15,67.91924654
2019-08-16,65.22271942
2019-08-16,65.22271942
2019-08-16,65.22271942
2019-08-16,65.22271942
2019-08-17,81.27025628
2019-08-17,81.27025628
2019-08-17,81.27025628
2019-08-17,81.27025628
2019-08-18,62.1202638
2019-08-18,62.1202638
2019-08-18,62.1202638
2019-08-18,62.1202638
2019-08-19,73.38961958
2019-08-19,73.38961958
2019-08-19,73.38961958
2019-08-19,73.38961958
2019-08-20,79.89516234
2019-08-20,79.89516234
2019-08-20,79.89516234
2019-08-20,79.89516234
2019-08-21,79.63740059
2019-08-21,79.63740059
2019-08-21,79.63740059
2019-08-21,79.63740059
2019-08-22,63.4100524
2019-08-22,63.4100524
2019-08-22,63.4100524
2019-08-22,63.4100524
2019-08-23,61.57263172
2019-08-23,61.57263172
2019-08-23,61.57263172
2019-08-23,61.57263172
2019-08-24,67.21930321
2019-08-24,67.21930321
2019-08-24,67.21930321
2019-08-24,67.21930321
2019-08-25,63.19590068
2019-08-25,63.19590068
2019-08-25,63.19590068
2019-08-25,63.19590068
2019-08-26,66.3089646
2019-08-26,66.3089646
2019-08-26,66.3089646
2019-08-26,66.3089646
2019-08-27,60.72209595
2019-08-27,60.72209595
2019-08-27,60.72209595
2019-08-27,60.72209595
2019-08-28,63.08059253
2019-08-28,63.08059253
2019-08-28,63.08059253
2019-08-28,63.08059253
2019-08-29,71.60160175
2019-08-29,71.60160175
2019-08-29,71.60160175
2019-08-29,71.60160175
2019-08-30,63.56445765
2019-08-30,63.56445765
2019-08-30,63.56445765
2019-08-30,63.56445765
2019-08-31,77.71123097
2019-08-31,77.71123097
2019-08-31,77.71123097
2019-08-31,77.71123097
2019-09-01,62.14144711
2019-09-01,62.14144711
2019-09-01,62.14144711
2019-09-01,62.14144711
2019-09-02,68.21678227
2019-09-02,68.21678227
2019-09-02,68.21678227
2019-09-02,68.21678227
2019-09-03,66.44978731
2019-09-03,66.44978731
2019-09-03,66.44978731
2019-09-03,66.44978731
2019-09-04,73.52279742
2019-09-04,73.52279742
2019-09-04,73.52279742
2019-09-04,73.52279742
2019-09-05,65.59199065
2019-09-05,65.59199065
2019-09-05,65.59199065
2019-09-05,65.59199065
2019-09-06,66.40701216
2019-09-06,66.40701216
2019-09-06,66.40701216
2019-09-06,66.40701216
2019-09-07,71.92436714
2019-09-07,71.92436714
2019-09-07,71.92436714
2019-09-07,71.92436714
2019-09-08,84.64357472
2019-09-08,84.64357472
2019-09-08,84.64357472
2019-09-08,84.64357472
2019-09-09,75.98908476
2019-09-09,75.98908476
2019-09-09,75.98908476
2019-09-09,75.98908476
2019-09-10,72.42388865
2019-09-10,72.42388865
2019-09-10,72.42388865
2019-09-10,72.42388865
2019-09-11,84.22859566
2019-09-11,84.22859566
2019-09-11,84.22859566
2019-09-11,84.22859566
2019-09-12,81.54786406
2019-09-12,81.54786406
2019-09-12,81.54786406
2019-09-12,81.54786406
2019-09-13,80.21786497
2019-09-13,80.21786497
2019-09-13,80.21786497
2019-09-13,80.21786497
2019-09-14,63.96117672
2019-09-14,63.96117672
2019-09-14,63.96117672
2019-09-14,63.96117672
2019-09-15,69.29612483
2019-09-15,69.29612483
2019-09-15,69.29612483
2019-09-15,69.29612483
2019-09-16,63.65162517
2019-09-16,63.65162517
2019-09-16,63.65162517
2019-09-16,63.65162517
2019-09-17,61.67436516
2019-09-17,61.67436516
2019-09-17,61.67436516
2019-09-17,61.67436516
2019-09-18,71.47531581
2019-09-18,71.47531581
2019-09-18,71.47531581
2019-09-18,71.47531581
2019-09-19,72.71470361
2019-09-19,72.71470361
2019-09-19,72.71470361
2019-09-19,72.71470361
2019-09-20,76.01707319
2019-09-20,76.01707319
2019-09-20,76.01707319
2019-09-20,76.01707319
2019-09-21,82.28355411
2019-09-21,82.28355411
2019-09-21,82.28355411
2019-09-21,82.28355411
2019-09-22,72.49029611
2019-09-22,72.49029611
2019-09-22,72.49029611
2019-09-22,72.49029611
2019-09-23,76.80468408
2019-09-23,76.80468408
2019-09-23,76.80468408
2019-09-23,76.80468408
2019-09-24,65.94358811
2019-09-24,65.94358811
2019-09-24,65.94358811
2019-09-24,65.94358811
2019-09-25,77.5996692
2019-09-25,77.5996692
2019-09-25,77.5996692
2019-09-25,77.5996692
2019-09-26,78.68319327
2019-09-26,78.68319327
2019-09-26,78.68319327
2019-09-26,78.68319327
2019-09-27,80.31828879
2019-09-27,80.31828879
2019-09-27,80.31828879
2019-09-27,80.31828879
2019-09-28,82.97936701
2019-09-28,82.97936701
2019-09-28,82.97936701
2019-09-28,82.97936701
2019-09-29,76.0790729
2019-09-29,76.0790729
2019-09-29,76.0790729
2019-09-29,76.0790729
2019-09-30,84.59746407
2019-09-30,84.59746407
2019-09-30,84.59746407
2019-09-30,84.59746407
2019-10-01,79.92690389
2019-10-01,79.92690389
2019-10-01,79.92690389
2019-10-01,79.92690389
2019-10-02,79.62610528
2019-10-02,79.62610528
2019-10-02,79.62610528
2019-10-02,79.62610528
2019-10-03,65.92235187
2019-10-03,65.92235187
2019-10-03,65.92235187
2019-10-03,65.92235187
2019-10-04,66.65418229
2019-10-04,66.65418229
2019-10-04,66.65418229
2019-10-04,66.65418229
2019-10-05,76.60160639
2019-10-05,76.60160639
2019-10-05,76.60160639
2019-10-05,76.60160639
2019-10-06,76.5588171
2019-10-06,76.5588171
2019-10-06,76.5588171
2019-10-06,76.5588171
2019-10-07,83.77956872
2019-10-07,83.77956872
2019-10-07,83.77956872
2019-10-07,83.77956872
2019-10-08,83.61471439
2019-10-08,83.61471439
2019-10-08,83.61471439
2019-10-08,83.61471439
2019-10-09,75.66140406
2019-10-09,75.66140406
2019-10-09,75.66140406
2019-10-09,75.66140406
2019-10-10,80.04870457
2019-10-10,80.04870457
2019-10-10,80.04870457
2019-10-10,80.04870457
2019-10-11,70.29808375
2019-10-11,70.29808375
2019-10-11,70.29808375
2019-10-11,70.29808375
2019-10-12,81.90221019
2019-10-12,81.90221019
2019-10-12,81.90221019
2019-10-12,81.90221019
2019-10-13,73.25820899
2019-10-13,73.25820899
2019-10-13,73.25820899
2019-10-13,73.25820899
2019-10-14,66.72883504
2019-10-14,66.72883504
2019-10-14,66.72883504
2019-10-14,66.72883504
2019-10-15,76.57787357
2019-10-15,76.57787357
2019-10-15,76.57787357
2019-10-15,76.57787357
2019-10-16,77.0655894
2019-10-16,77.0655894
2019-10-16,77.0655894
2019-10-16,77.0655894
2019-10-17,81.46022721
2019-10-17,81.46022721
2019-10-17,81.46022721
2019-10-17,81.46022721
2019-10-18,73.77075529
2019-10-18,73.77075529
2019-10-18,73.77075529
2019-10-18,73.77075529
2019-10-19,72.74535741
2019-10-19,72.74535741
2019-10-19,72.74535741
2019-10-19,72.74535741
2019-10-20,66.34754947
2019-10-20,66.34754947
2019-10-20,66.34754947
2019-10-20,66.34754947
2019-10-21,66.41490897
2019-10-21,66.41490897
2019-10-21,66.41490897
2019-10-21,66.41490897
2019-10-22,63.29654995
2019-10-22,63.29654995
2019-10-22,63.29654995
2019-10-22,63.29654995
2019-10-23,69.10798905
2019-10-23,69.10798905
2019-10-23,69.10798905
2019-10-23,69.10798905
2019-10-24,61.90249418
2019-10-24,61.90249418
2019-10-24,61.90249418
2019-10-24,61.90249418
2019-10-25,64.60979865
2019-10-25,64.60979865
2019-10-25,64.60979865
2019-10-25,64.60979865
2019-10-26,63.8697312
2019-10-26,63.8697312
2019-10-26,63.8697312
2019-10-26,63.8697312
2019-10-27,71.29737388
2019-10-27,71.29737388
2019-10-27,71.29737388
2019-10-27,71.29737388
2019-10-28,67.22986725
2019-10-28,67.22986725
2019-10-28,67.22986725
2019-10-28,67.22986725
2019-10-29,70.37343202
2019-10-29,70.37343202
2019-10-29,70.37343202
2019-10-29,70.37343202
2019-10-30,68.12164532
2019-10-30,68.12164532
2019-10-30,68.12164532
2019-10-30,68.12164532
2019-10-31,77.64830877
2019-10-31,77.64830877
2019-10-31,77.64830877
2019-10-31,77.64830877
2019-11-01,77.83458247
2019-11-01,77.83458247
2019-11-01,77.83458247
2019-11-01,77.83458247
2019-11-02,64.80290631
2019-11-02,64.80290631
2019-11-02,64.80290631
2019-11-02,64.80290631
2019-11-03,74.45366818
2019-11-03,74.45366818
2019-11-03,74.45366818
2019-11-03,74.45366818
2019-11-04,83.34200991
2019-11-04,83.34200991
2019-11-04,83.34200991
2019-11-04,83.34200991
2019-11-05,75.8734639
2019-11-05,75.8734639
2019-11-05,75.8734639
2019-11-05,75.8734639
2019-11-06,66.2641216
2019-11-06,66.2641216
2019-11-06,66.2641216
2019-11-06,66.2641216
2019-11-07,71.0687666
2019-11-07,71.0687666
2019-11-07,71.0687666
2019-11-07,71.0687666
2019-11-08,64.52656177
2019-11-08,64.52656177
2019-11-08,64.52656177
2019-11-08,64.52656177
2019-11-09,70.12474905
2019-11-09,70.12474905
2019-11-09,70.12474905
2019-11-09,70.12474905
2019-11-10,69.36295341
2019-11-10,69.36295341
2019-11-10,69.36295341
2019-11-10,69.36295341
2019-11-11,64.81060316
2019-11-11,64.81060316
2019-11-11,64.81060316
2019-11-11,64.81060316
2019-11-12,77.92843953
2019-11-12,77.92843953
2019-11-12,77.92843953
2019-11-12,77.92843953
2019-11-13,69.52200661
2019-11-13,69.52200661
2019-11-13,69.52200661
2019-11-13,69.52200661
2019-11-14,84.96615776
2019-11-14,84.96615776
2019-11-14,84.96615776
2019-11-14,84.96615776
2019-11-15,79.54801003
2019-11-15,79.54801003
2019-11-15,79.54801003
2019-11-15,79.54801003
2019-11-16,82.33174394
2019-11-16,82.33174394
2019-11-16,82.33174394
2019-11-16,82.33174394
2019-11-17,84.41106839
2019-11-17,84.41106839
2019-11-17,84.41106839
2019-11-17,84.41106839
2019-11-18,65.07227211
2019-11-18,65.07227211
2019-11-18,65.07227211
2019-11-18,65.07227211
2019-11-19,62.04307056
2019-11-19,62.04307056
2019-11-19,62.04307056
2019-11-19,62.04307056
2019-11-20,72.24861764
2019-11-20,72.24861764
2019-11-20,72.24861764
2019-11-20,72.24861764
2019-11-21,76.42463244
2019-11-21,76.42463244
2019-11-21,76.42463244
2019-11-21,76.42463244
2019-11-22,71.74904906
2019-11-22,71.74904906
2019-11-22,71.74904906
2019-11-22,71.74904906
2019-11-23,74.73660121
2019-11-23,74.73660121
2019-11-23,74.73660121
2019-11-23,74.73660121
2019-11-24,68.60481354
2019-11-24,68.60481354
2019-11-24,68.60481354
2019-11-24,68.60481354
2019-11-25,73.4381668
2019-11-25,73.4381668
2019-11-25,73.4381668
2019-11-25,73.4381668
2019-11-26,75.72524717
2019-11-26,75.72524717
2019-11-26,75.72524717
2019-11-26,75.72524717
2019-11-27,81.48757264
2019-11-27,81.48757264
2019-11-27,81.48757264
2019-11-27,81.48757264
2019-11-28,65.5584894
2019-11-28,65.5584894
2019-11-28,65.5584894
2019-11-28,65.5584894
2019-11-29,78.72331671
2019-11-29,78.72331671
2019-11-29,78.72331671
2019-11-29,78.72331671
2019-11-30,60.77978722
2019-11-30,60.77978722
2019-11-30,60.77978722
2019-11-30,60.77978722
2019-12-01,61.25222241
2019-12-01,61.25222241
2019-12-01,61.25222241
2019-12-01,61.25222241
2019-12-02,61.31309634
2019-12-02,61.31309634
2019-12-02,61.31309634
2019-12-02,61.31309634
2019-12-03,60.40035154
2019-12-03,60.40035154
2019-12-03,60.40035154
2019-12-03,60.40035154
2019-12-04,80.60564465
2019-12-04,80.60564465
2019-12-04,80.60564465
2019-12-04,80.60564465
2019-12-05,73.77890815
2019-12-05,73.77890815
2019-12-05,73.77890815
2019-12-05,73.77890815
2019-12-06,83.93623574
2019-12-06,83.93623574
2019-12-06,83.93623574
2019-12-06,83.93623574
2019-12-07,80.91636115
2019-12-07,80.91636115
2019-12-07,80.91636115
2019-12-07,80.91636115
2019-12-08,81.46790449
2019-12-08,81.46790449
2019-12-08,81.46790449
2019-12-08,81.46790449
2019-12-09,61.30788505
2019-12-09,61.30788505
2019-12-09,61.30788505
2019-12-09,61.30788505
2019-12-10,60.54377212
2019-12-10,60.54377212
2019-12-10,60.54377212
2019-12-10,60.54377212
2019-12-11,68.95062491
2019-12-11,68.95062491
2019-12-11,68.95062491
2019-12-11,68.95062491
2019-12-12,76.98429416
2019-12-12,76.98429416
2019-12-12,76.98429416
2019-12-12,76.98429416
2019-12-13,75.90255117
2019-12-13,75.90255117
2019-12-13,75.90255117
2019-12-13,75.90255117
2019-12-14,84.88059762
2019-12-14,84.88059762
2019-12-14,84.88059762
2019-12-14,84.88059762
2019-12-15,76.07204674
2019-12-15,76.07204674
2019-12-15,76.07204674
2019-12-15,76.07204674
2019-12-16,78.14347624
2019-12-16,78.14347624
2019-12-16,78.14347624
2019-12-16,78.14347624
2019-12-17,77.94346736
2019-12-17,77.94346736
2019-12-17,77.94346736
2019-12-17,77.94346736
2019-12-18,70.36822921
2019-12-18,70.36822921
2019-12-18,70.36822921
2019-12-18,70.36822921
2019-12-19,78.06714009
2019-12-19,78.06714009
2019-12-19,78.06714009
2019-12-19,78.06714009
2019-12-20,64.69162537
2019-12-20,64.69162537
2019-12-20,64.69162537
2019-12-20,64.69162537
2019-12-21,82.21676331
2019-12-21,82.21676331
2019-12-21,82.21676331
2019-12-21,82.21676331
2019-12-22,60.49224797
2019-12-22,60.49224797
2019-12-22,60.49224797
2019-12-22,60.49224797
2019-12-23,80.25737052
2019-12-23,80.25737052
2019-12-23,80.25737052
2019-12-23,80.25737052
2019-12-24,67.74430231
2019-12-24,67.74430231
2019-12-24,67.74430231
2019-12-24,67.74430231
2019-12-25,67.63623348
2019-12-25,67.63623348
2019-12-25,67.63623348
2019-12-25,67.63623348
2019-12-26,75.19495773
2019-12-26,75.19495773
2019-12-26,75.19495773
2019-12-26,75.19495773
2019-12-27,75.95471354
2019-12-27,75.95471354
2019-12-27,75.95471354
2019-12-27,75.95471354
2019-12-28,76.32490555
2019-12-28,76.32490555
2019-12-28,76.32490555
2019-12-28,76.32490555
2019-12-29,73.80300758
2019-12-29,73.80300758
2019-12-29,73.80300758
2019-12-29,73.80300758
2019-12-30,84.08749907
2019-12-30,84.08749907
2019-12-30,84.08749907
2019-12-30,84.08749907
2019-12-31,80.96501977
2019-12-31,80.96501977
2019-12-31,80.96501977
2019-12-31,80.96501977
2020-01-01,83.70730941
2020-01-01,83.70730941
2020-01-01,83.70730941
2020-01-01,83.70730941
2020-01-02,68.11311075
2020-01-02,68.11311075
2020-01-02,68.11311075
2020-01-02,68.11311075
2020-01-03,63.18895586
2020-01-03,63.18895586
2020-01-03,63.18895586
2020-01-03,63.18895586
2020-01-04,60.44237102
2020-01-04,60.44237102
2020-01-04,60.44237102
2020-01-04,60.44237102
2020-01-05,81.86359152
2020-01-05,81.86359152
2020-01-05,81.86359152
2020-01-05,81.86359152
2020-01-06,70.89008782
2020-01-06,70.89008782
2020-01-06,70.89008782
2020-01-06,70.89008782
2020-01-07,67.39285215
2020-01-07,67.39285215
2020-01-07,67.39285215
2020-01-07,67.39285215
2020-01-08,64.29792409
2020-01-08,64.29792409
2020-01-08,64.29792409
2020-01-08,64.29792409
2020-01-09,65.62512904
2020-01-09,65.62512904
2020-01-09,65.62512904
2020-01-09,65.62512904
2020-01-10,72.34655683
2020-01-10,72.34655683
2020-01-10,72.34655683
2020-01-10,72.34655683
2020-01-11,65.55901557
2020-01-11,65.55901557
2020-01-11,65.55901557
2020-01-11,65.55901557
2020-01-12,65.92991342
2020-01-12,65.92991342
2020-01-12,65.92991342
2020-01-12,65.92991342
2020-01-13,67.91174794
2020-01-13,67.91174794
2020-01-13,67.91174794
2020-01-13,67.91174794
2020-01-14,74.22727911
2020-01-14,74.22727911
2020-01-14,74.22727911
2020-01-14,74.22727911
2020-01-15,69.69250469
2020-01-15,69.69250469
2020-01-15,69.69250469
2020-01-15,69.69250469
2020-01-16,72.97746538
2020-01-16,72.97746538
2020-01-16,72.97746538
2020-01-16,72.97746538
2020-01-17,80.58311758
2020-01-17,80.58311758
2020-01-17,80.58311758
2020-01-17,80.58311758
2020-01-18,77.46247881
2020-01-18,77.46247881
2020-01-18,77.46247881
2020-01-18,77.46247881
2020-01-19,66.24289263
2020-01-19,66.24289263
2020-01-19,66.24289263
2020-01-19,66.24289263
2020-01-20,72.96244806
2020-01-20,72.96244806
2020-01-20,72.96244806
2020-01-20,72.96244806
2020-01-21,82.20132235
2020-01-21,82.20132235
2020-01-21,82.20132235
2020-01-21,82.20132235
2020-01-22,79.48746197
2020-01-22,79.48746197
2020-01-22,79.48746197
2020-01-22,79.48746197
2020-01-23,83.05266113
2020-01-23,83.05266113
2020-01-23,83.05266113
2020-01-23,83.05266113
2020-01-24,68.40994828
2020-01-24,68.40994828
2020-01-24,68.40994828
2020-01-24,68.40994828
2020-01-25,76.61827091
2020-01-25,76.61827091
2020-01-25,76.61827091
2020-01-25,76.61827091
2020-01-26,61.44432892
2020-01-26,61.44432892
2020-01-26,61.44432892
2020-01-26,61.44432892
2020-01-27,84.4285727
2020-01-27,84.4285727
2020-01-27,84.4285727
2020-01-27,84.4285727
2020-01-28,79.5164149
2020-01-28,79.5164149
2020-01-28,79.5164149
2020-01-28,79.5164149
2020-01-29,74.37671701
2020-01-29,74.37671701
2020-01-29,74.37671701
2020-01-29,74.37671701
2020-01-30,72.74831232
2020-01-30,72.74831232
2020-01-30,72.74831232
2020-01-30,72.74831232
2020-01-31,74.59827958
2020-01-31,74.59827958
2020-01-31,74.59827958
2020-01-31,74.59827958
2020-02-01,71.53914034
2020-02-01,71.53914034
2020-02-01,71.53914034
2020-02-01,71.53914034
2020-02-02,81.08305582
2020-02-02,81.08305582
2020-02-02,81.08305582
2020-02-02,81.08305582
2020-02-03,76.69208752
2020-02-03,76.69208752
2020-02-03,76.69208752
2020-02-03,76.69208752
2020-02-04,60.07748076
2020-02-04,60.07748076
2020-02-04,60.07748076
2020-02-04,60.07748076
2020-02-05,79.76798567
2020-02-05,79.76798567
2020-02-05,79.76798567
2020-02-05,79.76798567
2020-02-06,68.61560135
2020-02-06,68.61560135
2020-02-06,68.61560135
2020-02-06,68.61560135
2020-02-07,68.221907
2020-02-07,68.221907
2020-02-07,68.221907
2020-02-07,68.221907
2020-02-08,67.14574438
2020-02-08,67.14574438
2020-02-08,67.14574438
2020-02-08,67.14574438
2020-02-09,76.95976768
2020-02-09,76.95976768
2020-02-09,76.95976768
2020-02-09,76.95976768
2020-02-10,81.43525406
2020-02-10,81.43525406
2020-02-10,81.43525406
2020-02-10,81.43525406
2020-02-11,69.42633522
2020-02-11,69.42633522
2020-02-11,69.42633522
2020-02-11,69.42633522
2020-02-12,64.03814869
2020-02-12,64.03814869
2020-02-12,64.03814869
2020-02-12,64.03814869
2020-02-13,70.12644246
2020-02-13,70.12644246
2020-02-13,70.12644246
2020-02-13,70.12644246
2020-02-14,82.65052929
2020-02-14,82.65052929
2020-02-14,82.65052929
2020-02-14,82.65052929
2020-02-15,72.65061161
2020-02-15,72.65061161
2020-02-15,72.65061161
2020-02-15,72.65061161
2020-02-16,75.54118779
2020-02-16,75.54118779
2020-02-16,75.54118779
2020-02-16,75.54118779
2020-02-17,81.3842326
2020-02-17,81.3842326
2020-02-17,81.3842326
2020-02-17,81.3842326
2020-02-18,77.90623055
2020-02-18,77.90623055
2020-02-18,77.90623055
2020-02-18,77.90623055
2020-02-19,76.79041536
2020-02-19,76.79041536
2020-02-19,76.79041536
2020-02-19,76.79041536
2020-02-20,83.89612571
2020-02-20,83.89612571
2020-02-20,83.89612571
2020-02-20,83.89612571
2020-02-21,83.53209907
2020-02-21,83.53209907
2020-02-21,83.53209907
2020-02-21,83.53209907
2020-02-22,69.68113594
2020-02-22,69.68113594
2020-02-22,69.68113594
2020-02-22,69.68113594
2020-02-23,60.06530537
2020-02-23,60.06530537
2020-02-23,60.06530537
2020-02-23,60.06530537
2020-02-24,62.6673872
2020-02-24,62.6673872
2020-02-24,62.6673872
2020-02-24,62.6673872
2020-02-25,78.0071967
2020-02-25,78.0071967
2020-02-25,78.0071967
2020-02-25,78.0071967
2020-02-26,65.72326849
2020-02-26,65.72326849
2020-02-26,65.72326849
2020-02-26,65.72326849
2020-02-27,65.54940032
2020-02-27,65.54940032
2020-02-27,65.54940032
2020-02-27,65.54940032
2020-02-28,64.56595764
2020-02-28,64.56595764
2020-02-28,64.56595764
2020-02-28,64.56595764
2020-02-29,82.30482922
2020-02-29,82.30482922
2020-02-29,82.30482922
2020-02-29,82.30482922
2020-03-01,74.88923695
2020-03-01,74.88923695
2020-03-01,74.88923695
2020-03-01,74.88923695
2020-03-02,63.66429443
2020-03-02,63.66429443
2020-03-02,63.66429443
2020-03-02,63.66429443
2020-03-03,72.6161465
2020-03-03,72.6161465
2020-03-03,72.6161465
2020-03-03,72.6161465
2020-03-04,70.46245743
2020-03-04,70.46245743
2020-03-04,70.46245743
2020-03-04,70.46245743
2020-03-05,62.78228328
2020-03-05,62.78228328
2020-03-05,62.78228328
2020-03-05,62.78228328
2020-03-06,83.10785383
2020-03-06,83.10785383
2020-03-06,83.10785383
2020-03-06,83.10785383
2020-03-07,62.56384478
2020-03-07,62.56384478
2020-03-07,62.56384478
2020-03-07,62.56384478
2020-03-08,78.41201713
2020-03-08,78.41201713
2020-03-08,78.41201713
2020-03-08,78.41201713
2020-03-09,70.01554065
2020-03-09,70.01554065
2020-03-09,70.01554065
2020-03-09,70.01554065
2020-03-10,79.59305672
2020-03-10,79.59305672
2020-03-10,79.59305672
2020-03-10,79.59305672
2020-03-11,70.73858114
2020-03-11,70.73858114
2020-03-11,70.73858114
2020-03-11,70.73858114
2020-03-12,61.86801705
2020-03-12,61.86801705
2020-03-12,61.86801705
2020-03-12,61.86801705
2020-03-13,82.27915168
2020-03-13,82.27915168
2020-03-13,82.27915168
2020-03-13,82.27915168
2020-03-14,75.00459407
2020-03-14,75.00459407
2020-03-14,75.00459407
2020-03-14,75.00459407
2020-03-15,64.78337215
2020-03-15,64.78337215
2020-03-15,64.78337215
2020-03-15,64.78337215
2020-03-16,81.32610463
2020-03-16,81.32610463
2020-03-16,81.32610463
2020-03-16,81.32610463
2020-03-17,66.79593751
2020-03-17,66.79593751
2020-03-17,66.79593751
2020-03-17,66.79593751
2020-03-18,74.95654113
2020-03-18,74.95654113
2020-03-18,74.95654113
2020-03-18,74.95654113
2020-03-19,73.80255292
2020-03-19,73.80255292
2020-03-19,73.80255292
2020-03-19,73.80255292
2020-03-20,70.69409106
2020-03-20,70.69409106
2020-03-20,70.69409106
2020-03-20,70.69409106
2020-03-21,81.5368371
2020-03-21,81.5368371
2020-03-21,81.5368371
2020-03-21,81.5368371
2020-03-22,72.19813593
2020-03-22,72.19813593
2020-03-22,72.19813593
2020-03-22,72.19813593
2020-03-23,77.8618266
2020-03-23,77.8618266
2020-03-23,77.8618266
2020-03-23,77.8618266
2020-03-24,77.59843007
2020-03-24,77.59843007
2020-03-24,77.59843007
2020-03-24,77.59843007
2020-03-25,66.46583975
2020-03-25,66.46583975
2020-03-25,66.46583975
2020-03-25,66.46583975
2020-03-26,65.64295468
2020-03-26,65.64295468
2020-03-26,65.64295468
2020-03-26,65.64295468
2020-03-27,78.16473702
2020-03-27,78.16473702
2020-03-27,78.16473702
2020-03-27,78.16473702
2020-03-28,73.16790602
2020-03-28,73.16790602
2020-03-28,73.16790602
2020-03-28,73.16790602
2020-03-29,78.50808763
2020-03-29,78.50808763
2020-03-29,78.50808763
2020-03-29,78.50808763
2020-03-30,75.83693391
2020-03-30,75.83693391
2020-03-30,75.83693391
2020-03-30,75.83693391
2020-03-31,60.67226397
2020-03-31,60.67226397
2020-03-31,60.67226397
2020-03-31,60.67226397
2020-04-01,82.11412349
2020-04-01,82.11412349
2020-04-01,82.11412349
2020-04-01,82.11412349
2020-04-02,74.55928009
2020-04-02,74.55928009
2020-04-02,74.55928009
2020-04-02,74.55928009
2020-04-03,66.57508661
2020-04-03,66.57508661
2020-04-03,66.57508661
2020-04-03,66.57508661
2020-04-04,62.87570892
2020-04-04,62.87570892
2020-04-04,62.87570892
2020-04-04,62.87570892
2020-04-05,75.3222915
2020-04-05,75.3222915
2020-04-05,75.3222915
2020-04-05,75.3222915
2020-04-06,81.68313782
2020-04-06,81.68313782
2020-04-06,81.68313782
2020-04-06,81.68313782
2020-04-07,61.78406378
2020-04-07,61.78406378
2020-04-07,61.78406378
2020-04-07,61.78406378
2020-04-08,77.17234434
2020-04-08,77.17234434
2020-04-08,77.17234434
2020-04-08,77.17234434
2020-04-09,60.87938942
2020-04-09,60.87938942
2020-04-09,60.87938942
2020-04-09,60.87938942
2020-04-10,71.28257684
2020-04-10,71.28257684
2020-04-10,71.28257684
2020-04-10,71.28257684
2020-04-11,82.41476398
2020-04-11,82.41476398
2020-04-11,82.41476398
2020-04-11,82.41476398
2020-04-12,76.130166
2020-04-12,76.130166
2020-04-12,76.130166
2020-04-12,76.130166
2020-04-13,75.91324908
2020-04-13,75.91324908
2020-04-13,75.91324908
2020-04-13,75.91324908
2020-04-14,70.20791599
2020-04-14,70.20791599
2020-04-14,70.20791599
2020-04-14,70.20791599
2020-04-15,66.79622733
2020-04-15,66.79622733
2020-04-15,66.79622733
2020-04-15,66.79622733
2020-04-16,77.3903263
2020-04-16,77.3903263
2020-04-16,77.3903263
2020-04-16,77.3903263
2020-04-17,84.3892094
2020-04-17,84.3892094
2020-04-17,84.3892094
2020-04-17,84.3892094
2020-04-18,77.60284402
2020-04-18,77.60284402
2020-04-18,77.60284402
2020-04-18,77.60284402
2020-04-19,80.89820241
2020-04-19,80.89820241
2020-04-19,80.89820241
2020-04-19,80.89820241
2020-04-20,79.2948459
2020-04-20,79.2948459
2020-04-20,79.2948459
2020-04-20,79.2948459
2020-04-21,76.03952017
2020-04-21,76.03952017
2020-04-21,76.03952017
2020-04-21,76.03952017
2020-04-22,77.48334589
2020-04-22,77.48334589
2020-04-22,77.48334589
2020-04-22,77.48334589
2020-04-23,62.82706934
2020-04-23,62.82706934
2020-04-23,62.82706934
2020-04-23,62.82706934
2020-04-24,84.1218026
2020-04-24,84.1218026
2020-04-24,84.1218026
2020-04-24,84.1218026
2020-04-25,65.11002022
2020-04-25,65.11002022
2020-04-25,65.11002022
2020-04-25,65.11002022
2020-04-26,75.44146139
2020-04-26,75.44146139
2020-04-26,75.44146139
2020-04-26,75.44146139
2020-04-27,81.05356964
2020-04-27,81.05356964
2020-04-27,81.05356964
2020-04-27,81.05356964
2020-04-28,64.64080488
2020-04-28,64.64080488
2020-04-28,64.64080488
2020-04-28,64.64080488
2020-04-29,74.85887606
2020-04-29,74.85887606
2020-04-29,74.85887606
2020-04-29,74.85887606
2020-04-30,63.15958673
2020-04-30,63.15958673
2020-04-30,63.15958673
2020-04-30,63.15958673
2020-05-01,66.45267836
2020-05-01,66.45267836
2020-05-01,66.45267836
2020-05-01,66.45267836
2020-05-02,72.70199367
2020-05-02,72.70199367
2020-05-02,72.70199367
2020-05-02,72.70199367
2020-05-03,61.52043168
2020-05-03,61.52043168
2020-05-03,61.52043168
2020-05-03,61.52043168
2020-05-04,83.57701162
2020-05-04,83.57701162
2020-05-04,83.57701162
2020-05-04,83.57701162
2020-05-05,72.70031641
2020-05-05,72.70031641
2020-05-05,72.70031641
2020-05-05,72.70031641
2020-05-06,64.16616159
2020-05-06,64.16616159
2020-05-06,64.16616159
2020-05-06,64.16616159
2020-05-07,73.66441626
2020-05-07,73.66441626
2020-05-07,73.66441626
2020-05-07,73.66441626
2020-05-08,79.27741162
2020-05-08,79.27741162
2020-05-08,79.27741162
2020-05-08,79.27741162
2020-05-09,75.53316584
2020-05-09,75.53316584
2020-05-09,75.53316584
2020-05-09,75.53316584
2020-05-10,77.48359923
2020-05-10,77.48359923
2020-05-10,77.48359923
2020-05-10,77.48359923
2020-05-11,62.99092766
2020-05-11,62.99092766
2020-05-11,62.99092766
2020-05-11,62.99092766
2020-05-12,83.66946472
2020-05-12,83.66946472
2020-05-12,83.66946472
2020-05-12,83.66946472
2020-05-13,61.29004466
2020-05-13,61.29004466
2020-05-13,61.29004466
2020-05-13,61.29004466
2020-05-14,79.66622125
2020-05-14,79.66622125
2020-05-14,79.66622125
2020-05-14,79.66622125
2020-05-15,73.66880954
2020-05-15,73.66880954
2020-05-15,73.66880954
2020-05-15,73.66880954
2020-05-16,60.20311141
2020-05-16,60.20311141
2020-05-16,60.20311141
2020-05-16,60.20311141
2020-05-17,70.90608973
2020-05-17,70.90608973
2020-05-17,70.90608973
2020-05-17,70.90608973
2020-05-18,74.52685415
2020-05-18,74.52685415
2020-05-18,74.52685415
2020-05-18,74.52685415
2020-05-19,67.26114675
2020-05-19,67.26114675
2020-05-19,67.26114675
2020-05-19,67.26114675
2020-05-20,70.21361199
2020-05-20,70.21361199
2020-05-20,70.21361199
2020-05-20,70.21361199
2020-05-21,82.32711052
2020-05-21,82.32711052
2020-05-21,82.32711052
2020-05-21,82.32711052
2020-05-22,80.67790069
2020-05-22,80.67790069
2020-05-22,80.67790069
2020-05-22,80.67790069
2020-05-23,62.74954517
2020-05-23,62.74954517
2020-05-23,62.74954517
2020-05-23,62.74954517
2020-05-24,81.82315425
2020-05-24,81.82315425
2020-05-24,81.82315425
2020-05-24,81.82315425
2020-05-25,75.91676788
2020-05-25,75.91676788
2020-05-25,75.91676788
2020-05-25,75.91676788
2020-05-26,67.16432717
2020-05-26,67.16432717
2020-05-26,67.16432717
2020-05-26,67.16432717
2020-05-27,75.5982992
2020-05-27,75.5982992
2020-05-27,75.5982992
2020-05-27,75.5982992
2020-05-28,60.14444599
2020-05-28,60.14444599
2020-05-28,60.14444599
2020-05-28,60.14444599
2020-05-29,78.11811297
2020-05-29,78.11811297
2020-05-29,78.11811297
2020-05-29,78.11811297
2020-05-30,74.37539486
2020-05-30,74.37539486
2020-05-30,74.37539486
2020-05-30,74.37539486
2020-05-31,79.16048578
2020-05-31,79.16048578
2020-05-31,79.16048578
2020-05-31,79.16048578
2020-06-01,71.53446031
2020-06-01,71.53446031
2020-06-01,71.53446031
2020-06-01,71.53446031
2020-06-02,64.08646177
2020-06-02,64.08646177
2020-06-02,64.08646177
2020-06-02,64.08646177
2020-06-03,80.38717989
2020-06-03,80.38717989
2020-06-03,80.38717989
2020-06-03,80.38717989
2020-06-04,60.82239997
2020-06-04,60.82239997
2020-06-04,60.82239997
2020-06-04,60.82239997
2020-06-05,75.2775677
2020-06-05,75.2775677
2020-06-05,75.2775677
2020-06-05,75.2775677
2020-06-06,80.05087178
2020-06-06,80.05087178
2020-06-06,80.05087178
2020-06-06,80.05087178
2020-06-07,76.95485378
2020-06-07,76.95485378
2020-06-07,76.95485378
2020-06-07,76.95485378
2020-06-08,77.23057649
2020-06-08,77.23057649
2020-06-08,77.23057649
2020-06-08,77.23057649
2020-06-09,61.45226716
2020-06-09,61.45226716
2020-06-09,61.45226716
2020-06-09,61.45226716
2020-06-10,80.56177209
2020-06-10,80.56177209
2020-06-10,80.56177209
2020-06-10,80.56177209
2020-06-11,80.49167267
2020-06-11,80.49167267
2020-06-11,80.49167267
2020-06-11,80.49167267
2020-06-12,76.09915651
2020-06-12,76.09915651
2020-06-12,76.09915651
2020-06-12,76.09915651
2020-06-13,79.12138992
2020-06-13,79.12138992
2020-06-13,79.12138992
2020-06-13,79.12138992
2020-06-14,69.28932896
2020-06-14,69.28932896
2020-06-14,69.28932896
2020-06-14,69.28932896
2020-06-15,81.96849911
2020-06-15,81.96849911
2020-06-15,81.96849911
2020-06-15,81.96849911
2020-06-16,77.38420173
2020-06-16,77.38420173
2020-06-16,77.38420173
2020-06-16,77.38420173
2020-06-17,80.78633305
2020-06-17,80.78633305
2020-06-17,80.78633305
2020-06-17,80.78633305
2020-06-18,70.69656628
2020-06-18,70.69656628
2020-06-18,70.69656628
2020-06-18,70.69656628
2020-06-19,63.21001611
2020-06-19,63.21001611
2020-06-19,63.21001611
2020-06-19,63.21001611
2020-06-20,65.50143335
2020-06-20,65.50143335
2020-06-20,65.50143335
2020-06-20,65.50143335
2020-06-21,60.59029075
2020-06-21,60.59029075
2020-06-21,60.59029075
2020-06-21,60.59029075
2020-06-22,71.52459314
2020-06-22,71.52459314
2020-06-22,71.52459314
2020-06-22,71.52459314
2020-06-23,76.83622871
2020-06-23,76.83622871
2020-06-23,76.83622871
2020-06-23,76.83622871
2020-06-24,65.04704193
2020-06-24,65.04704193
2020-06-24,65.04704193
2020-06-24,65.04704193
2020-06-25,70.15457285
2020-06-25,70.15457285
2020-06-25,70.15457285
2020-06-25,70.15457285
2020-06-26,74.3154578
2020-06-26,74.3154578
2020-06-26,74.3154578
2020-06-26,74.3154578
2020-06-27,74.96356782
2020-06-27,74.96356782
2020-06-27,74.96356782
2020-06-27,74.96356782
2020-06-28,77.37486539
2020-06-28,77.37486539
2020-06-28,77.37486539
2020-06-28,77.37486539
2020-06-29,70.47128212
2020-06-29,70.47128212
2020-06-29,70.47128212
2020-06-29,70.47128212
2020-06-30,65.03854779
2020-06-30,65.03854779
2020-06-30,65.03854779
2020-06-30,65.03854779
2020-07-01,60.27022685
2020-07-01,60.27022685
2020-07-01,60.27022685
2020-07-01,60.27022685
2020-07-02,72.57201088
2020-07-02,72.57201088
2020-07-02,72.57201088
2020-07-02,72.57201088
2020-07-03,60.52503388
2020-07-03,60.52503388
2020-07-03,60.52503388
2020-07-03,60.52503388
2020-07-04,69.59664044
2020-07-04,69.59664044
2020-07-04,69.59664044
2020-07-04,69.59664044
2020-07-05,61.4168444
2020-07-05,61.4168444
2020-07-05,61.4168444
2020-07-05,61.4168444
2020-07-06,60.63686397
2020-07-06,60.63686397
2020-07-06,60.63686397
2020-07-06,60.63686397
2020-07-07,70.1795035
2020-07-07,70.1795035
2020-07-07,70.1795035
2020-07-07,70.1795035
2020-07-08,70.98429495
2020-07-08,70.98429495
2020-07-08,70.98429495
2020-07-08,70.98429495
2020-07-09,62.52589819
2020-07-09,62.52589819
2020-07-09,62.52589819
2020-07-09,62.52589819
2020-07-10,79.04237853
2020-07-10,79.04237853
2020-07-10,79.04237853
2020-07-10,79.04237853
2020-07-11,61.03987646
2020-07-11,61.03987646
2020-07-11,61.03987646
2020-07-11,61.03987646
2020-07-12,83.20947604
2020-07-12,83.20947604
2020-07-12,83.20947604
2020-07-12,83.20947604
2020-07-13,79.82261729
2020-07-13,79.82261729
2020-07-13,79.82261729
2020-07-13,79.82261729
2020-07-14,83.21232225
2020-07-14,83.21232225
2020-07-14,83.21232225
2020-07-14,83.21232225
2020-07-15,82.87603269
2020-07-15,82.87603269
2020-07-15,82.87603269
2020-07-15,82.87603269
2020-07-16,84.72339623
2020-07-16,84.72339623
2020-07-16,84.72339623
2020-07-16,84.72339623
2020-07-17,70.1763765
2020-07-17,70.1763765
2020-07-17,70.1763765
2020-07-17,70.1763765
2020-07-18,63.41637107
2020-07-18,63.41637107
2020-07-18,63.41637107
2020-07-18,63.41637107
2020-07-19,74.51663485
2020-07-19,74.51663485
2020-07-19,74.51663485
2020-07-19,74.51663485
2020-07-20,61.60675397
2020-07-20,61.60675397
2020-07-20,61.60675397
2020-07-20,61.60675397
2020-07-21,74.38164019
2020-07-21,74.38164019
2020-07-21,74.38164019
2020-07-21,74.38164019
2020-07-22,68.78996992
2020-07-22,68.78996992
2020-07-22,68.78996992
2020-07-22,68.78996992
2020-07-23,80.34768649
2020-07-23,80.34768649
2020-07-23,80.34768649
2020-07-23,80.34768649
2020-07-24,83.21377527
2020-07-24,83.21377527
2020-07-24,83.21377527
2020-07-24,83.21377527
2020-07-25,63.95863352
2020-07-25,63.95863352
2020-07-25,63.95863352
2020-07-25,63.95863352
2020-07-26,74.81788739
2020-07-26,74.81788739
2020-07-26,74.81788739
2020-07-26,74.81788739
2020-07-27,78.84769573
2020-07-27,78.84769573
2020-07-27,78.84769573
2020-07-27,78.84769573
2020-07-28,73.53916359
2020-07-28,73.53916359
2020-07-28,73.53916359
2020-07-28,73.53916359
2020-07-29,84.27499891
2020-07-29,84.27499891
2020-07-29,84.27499891
2020-07-29,84.27499891
2020-07-30,76.33637825
2020-07-30,76.33637825
2020-07-30,76.33637825
2020-07-30,76.33637825
2020-07-31,81.89387409
2020-07-31,81.89387409
2020-07-31,81.89387409
2020-07-31,81.89387409
2020-08-01,60.48325108
2020-08-01,60.48325108
2020-08-01,60.48325108
2020-08-01,60.48325108
2020-08-02,75.23499646
2020-08-02,75.23499646
2020-08-02,75.23499646
2020-08-02,75.23499646
2020-08-03,68.36815611
2020-08-03,68.36815611
2020-08-03,68.36815611
2020-08-03,68.36815611
2020-08-04,66.82187004
2020-08-04,66.82187004
2020-08-04,66.82187004
2020-08-04,66.82187004
2020-08-05,78.12217834
2020-08-05,78.12217834
2020-08-05,78.12217834
2020-08-05,78.12217834
2020-08-06,83.73038692
2020-08-06,83.73038692
2020-08-06,83.73038692
2020-08-06,83.73038692
2020-08-07,83.80450831
2020-08-07,83.80450831
2020-08-07,83.80450831
2020-08-07,83.80450831
2020-08-08,67.59783611
2020-08-08,67.59783611
2020-08-08,67.59783611
2020-08-08,67.59783611
2020-08-09,66.90940439
2020-08-09,66.90940439
2020-08-09,66.90940439
2020-08-09,66.90940439
2020-08-10,70.68643663
2020-08-10,70.68643663
2020-08-10,70.68643663
2020-08-10,70.68643663
2020-08-11,80.91626741
2020-08-11,80.91626741
2020-08-11,80.91626741
2020-08-11,80.91626741
2020-08-12,63.18027054
2020-08-12,63.18027054
2020-08-12,63.18027054
2020-08-12,63.18027054
2020-08-13,70.54251848
2020-08-13,70.54251848
2020-08-13,70.54251848
2020-08-13,70.54251848
2020-08-14,62.43740341
2020-08-14,62.43740341
2020-08-14,62.43740341
2020-08-14,62.43740341
2020-08-15,68.05950151
2020-08-15,68.05950151
2020-08-15,68.05950151
2020-08-15,68.05950151
2020-08-16,64.51231562
2020-08-16,64.51231562
2020-08-16,64.51231562
2020-08-16,64.51231562
2020-08-17,83.38144698
2020-08-17,83.38144698
2020-08-17,83.38144698
2020-08-17,83.38144698
2020-08-18,83.27885928
2020-08-18,83.27885928
2020-08-18,83.27885928
2020-08-18,83.27885928
2020-08-19,70.80370196
2020-08-19,70.80370196
2020-08-19,70.80370196
2020-08-19,70.80370196
2020-08-20,72.01206975
2020-08-20,72.01206975
2020-08-20,72.01206975
2020-08-20,72.01206975
2020-08-21,60.02388617
2020-08-21,60.02388617
2020-08-21,60.02388617
2020-08-21,60.02388617
2020-08-22,65.39352233
2020-08-22,65.39352233
2020-08-22,65.39352233
2020-08-22,65.39352233
2020-08-23,81.24745954
2020-08-23,81.24745954
2020-08-23,81.24745954
2020-08-23,81.24745954
2020-08-24,82.81310078
2020-08-24,82.81310078
2020-08-24,82.81310078
2020-08-24,82.81310078
2020-08-25,67.76977824
2020-08-25,67.76977824
2020-08-25,67.76977824
2020-08-25,67.76977824
2020-08-26,63.01606436
2020-08-26,63.01606436
2020-08-26,63.01606436
2020-08-26,63.01606436
2020-08-27,73.65052644
2020-08-27,73.65052644
2020-08-27,73.65052644
2020-08-27,73.65052644
2020-08-28,81.09543452
2020-08-28,81.09543452
2020-08-28,81.09543452
2020-08-28,81.09543452
2020-08-29,64.68213301
2020-08-29,64.68213301
2020-08-29,64.68213301
2020-08-29,64.68213301
2020-08-30,76.03943489
2020-08-30,76.03943489
2020-08-30,76.03943489
2020-08-30,76.03943489
2020-08-31,82.64278301
2020-08-31,82.64278301
2020-08-31,82.64278301
2020-08-31,82.64278301
2020-09-01,77.2688698
2020-09-01,77.2688698
2020-09-01,77.2688698
2020-09-01,77.2688698
2020-09-02,80.25530527
2020-09-02,80.25530527
2020-09-02,80.25530527
2020-09-02,80.25530527
2020-09-03,79.11494783
2020-09-03,79.11494783
2020-09-03,79.11494783
2020-09-03,79.11494783
2020-09-04,64.27829856
2020-09-04,64.27829856
2020-09-04,64.27829856
2020-09-04,64.27829856
2020-09-05,79.50033226
2020-09-05,79.50033226
2020-09-05,79.50033226
2020-09-05,79.50033226
2020-09-06,75.98413614
2020-09-06,75.98413614
2020-09-06,75.98413614
2020-09-06,75.98413614
2020-09-07,65.23346652
2020-09-07,65.23346652
2020-09-07,65.23346652
2020-09-07,65.23346652
2020-09-08,83.00012978
2020-09-08,83.00012978
2020-09-08,83.00012978
2020-09-08,83.00012978
2020-09-09,70.81294717
2020-09-09,70.81294717
2020-09-09,70.81294717
2020-09-09,70.81294717
2020-09-10,65.33308202
2020-09-10,65.33308202
2020-09-10,65.33308202
2020-09-10,65.33308202
2020-09-11,74.15784385
2020-09-11,74.15784385
2020-09-11,74.15784385
2020-09-11,74.15784385
2020-09-12,63.67723912
2020-09-12,63.67723912
2020-09-12,63.67723912
2020-09-12,63.67723912
2020-09-13,77.09746893
2020-09-13,77.09746893
2020-09-13,77.09746893
2020-09-13,77.09746893
2020-09-14,66.50726911
2020-09-14,66.50726911
2020-09-14,66.50726911
2020-09-14,66.50726911
2020-09-15,62.09406595
2020-09-15,62.09406595
2020-09-15,62.09406595
2020-09-15,62.09406595
2020-09-16,66.69350044
2020-09-16,66.69350044
2020-09-16,66.69350044
2020-09-16,66.69350044
2020-09-17,65.98626146
2020-09-17,65.98626146
2020-09-17,65.98626146
2020-09-17,65.98626146
2020-09-18,65.81474179
2020-09-18,65.81474179
2020-09-18,65.81474179
2020-09-18,65.81474179
2020-09-19,71.86334764
2020-09-19,71.86334764
2020-09-19,71.86334764
2020-09-19,71.86334764
2020-09-20,76.09235854
2020-09-20,76.09235854
2020-09-20,76.09235854
2020-09-20,76.09235854
2020-09-21,70.73095945
2020-09-21,70.73095945
2020-09-21,70.73095945
2020-09-21,70.73095945
2020-09-22,72.61577295
2020-09-22,72.61577295
2020-09-22,72.61577295
2020-09-22,72.61577295
2020-09-23,77.03613837
2020-09-23,77.03613837
2020-09-23,77.03613837
2020-09-23,77.03613837
2020-09-24,80.76889776
2020-09-24,80.76889776
2020-09-24,80.76889776
2020-09-24,80.76889776
2020-09-25,80.78640954
2020-09-25,80.78640954
2020-09-25,80.78640954
2020-09-25,80.78640954
2020-09-26,71.77520677
2020-09-26,71.77520677
2020-09-26,71.77520677
2020-09-26,71.77520677
2020-09-27,70.39030075
2020-09-27,70.39030075
2020-09-27,70.39030075
2020-09-27,70.39030075
2020-09-28,60.58774693
2020-09-28,60.58774693
2020-09-28,60.58774693
2020-09-28,60.58774693
2020-09-29,62.84506203
2020-09-29,62.84506203
2020-09-29,62.84506203
2020-09-29,62.84506203
2020-09-30,83.18899003
2020-09-30,83.18899003
2020-09-30,83.18899003
2020-09-30,83.18899003
2020-10-01,62.73674669
2020-10-01,62.73674669
2020-10-01,62.73674669
2020-10-01,62.73674669
2020-10-02,73.71892061
2020-10-02,73.71892061
2020-10-02,73.71892061
2020-10-02,73.71892061
2020-10-03,72.4401401
2020-10-03,72.4401401
2020-10-03,72.4401401
2020-10-03,72.4401401
2020-10-04,76.93894479
2020-10-04,76.93894479
2020-10-04,76.93894479
2020-10-04,76.93894479
2020-10-05,60.24167536
2020-10-05,60.24167536
2020-10-05,60.24167536
2020-10-05,60.24167536
2020-10-06,80.87436482
2020-10-06,80.87436482
2020-10-06,80.87436482
2020-10-06,80.87436482
2020-10-07,84.47100223
2020-10-07,84.47100223
2020-10-07,84.47100223
2020-10-07,84.47100223
2020-10-08,84.98011969
2020-10-08,84.98011969
2020-10-08,84.98011969
2020-10-08,84.98011969
2020-10-09,63.67023399
2020-10-09,63.67023399
2020-10-09,63.67023399
2020-10-09,63.67023399
2020-10-10,80.63019308
2020-10-10,80.63019308
2020-10-10,80.63019308
2020-10-10,80.63019308
2020-10-11,75.48120255
2020-10-11,75.48120255
2020-10-11,75.48120255
2020-10-11,75.48120255
2020-10-12,74.21314908
2020-10-12,74.21314908
2020-10-12,74.21314908
2020-10-12,74.21314908
2020-10-13,84.9617997
2020-10-13,84.9617997
2020-10-13,84.9617997
2020-10-13,84.9617997
2020-10-14,67.80043625
2020-10-14,67.80043625
2020-10-14,67.80043625
2020-10-14,67.80043625
2020-10-15,69.25622925
2020-10-15,69.25622925
2020-10-15,69.25622925
2020-10-15,69.25622925
2020-10-16,70.50378529
2020-10-16,70.50378529
2020-10-16,70.50378529
2020-10-16,70.50378529
2020-10-17,69.40774697
2020-10-17,69.40774697
2020-10-17,69.40774697
2020-10-17,69.40774697
2020-10-18,74.01298316
2020-10-18,74.01298316
2020-10-18,74.01298316
2020-10-18,74.01298316
2020-10-19,70.06526772
2020-10-19,70.06526772
2020-10-19,70.06526772
2020-10-19,70.06526772
2020-10-20,63.29134117
2020-10-20,63.29134117
2020-10-20,63.29134117
2020-10-20,63.29134117
2020-10-21,83.25306691
2020-10-21,83.25306691
2020-10-21,83.25306691
2020-10-21,83.25306691
2020-10-22,82.907448
2020-10-22,82.907448
2020-10-22,82.907448
2020-10-22,82.907448
2020-10-23,60.71307876
2020-10-23,60.71307876
2020-10-23,60.71307876
2020-10-23,60.71307876
2020-10-24,62.309339
2020-10-24,62.309339
2020-10-24,62.309339
2020-10-24,62.309339
2020-10-25,77.38291574
2020-10-25,77.38291574
2020-10-25,77.38291574
2020-10-25,77.38291574
2020-10-26,78.27408102
2020-10-26,78.27408102
2020-10-26,78.27408102
2020-10-26,78.27408102
2020-10-27,69.67418695
2020-10-27,69.67418695
2020-10-27,69.67418695
2020-10-27,69.67418695
2020-10-28,80.49438618
2020-10-28,80.49438618
2020-10-28,80.49438618
2020-10-28,80.49438618
2020-10-29,84.92437313
2020-10-29,84.92437313
2020-10-29,84.92437313
2020-10-29,84.92437313
2020-10-30,81.17184293
2020-10-30,81.17184293
2020-10-30,81.17184293
2020-10-30,81.17184293
2020-10-31,77.81053225
2020-10-31,77.81053225
2020-10-31,77.81053225
2020-10-31,77.81053225
2020-11-01,66.21683521
2020-11-01,66.21683521
2020-11-01,66.21683521
2020-11-01,66.21683521
2020-11-02,82.55276598
2020-11-02,82.55276598
2020-11-02,82.55276598
2020-11-02,82.55276598
2020-11-03,84.68920224
2020-11-03,84.68920224
2020-11-03,84.68920224
2020-11-03,84.68920224
2020-11-04,75.06431608
2020-11-04,75.06431608
2020-11-04,75.06431608
2020-11-04,75.06431608
2020-11-05,74.90404968
2020-11-05,74.90404968
2020-11-05,74.90404968
2020-11-05,74.90404968
2020-11-06,62.56887417
2020-11-06,62.56887417
2020-11-06,62.56887417
2020-11-06,62.56887417
2020-11-07,70.66678186
2020-11-07,70.66678186
2020-11-07,70.66678186
2020-11-07,70.66678186
2020-11-08,62.12552221
2020-11-08,62.12552221
2020-11-08,62.12552221
2020-11-08,62.12552221
2020-11-09,75.87799173
2020-11-09,75.87799173
2020-11-09,75.87799173
2020-11-09,75.87799173
2020-11-10,70.46339039
2020-11-10,70.46339039
2020-11-10,70.46339039
2020-11-10,70.46339039
2020-11-11,81.40364062
2020-11-11,81.40364062
2020-11-11,81.40364062
2020-11-11,81.40364062
2020-11-12,60.88355471
2020-11-12,60.88355471
2020-11-12,60.88355471
2020-11-12,60.88355471
2020-11-13,69.39930931
2020-11-13,69.39930931
2020-11-13,69.39930931
2020-11-13,69.39930931
2020-11-14,73.55679318
2020-11-14,73.55679318
2020-11-14,73.55679318
2020-11-14,73.55679318
2020-11-15,84.10658453
2020-11-15,84.10658453
2020-11-15,84.10658453
2020-11-15,84.10658453
2020-11-16,74.71188286
2020-11-16,74.71188286
2020-11-16,74.71188286
2020-11-16,74.71188286
2020-11-17,64.97284081
2020-11-17,64.97284081
2020-11-17,64.97284081
2020-11-17,64.97284081
2020-11-18,69.81664739
2020-11-18,69.81664739
2020-11-18,69.81664739
2020-11-18,69.81664739
2020-11-19,62.28045255
2020-11-19,62.28045255
2020-11-19,62.28045255
2020-11-19,62.28045255
2020-11-20,79.63375104
2020-11-20,79.63375104
2020-11-20,79.63375104
2020-11-20,79.63375104
2020-11-21,64.55297305
2020-11-21,64.55297305
2020-11-21,64.55297305
2020-11-21,64.55297305
2020-11-22,61.82516432
2020-11-22,61.82516432
2020-11-22,61.82516432
2020-11-22,61.82516432
2020-11-23,62.58018588
2020-11-23,62.58018588
2020-11-23,62.58018588
2020-11-23,62.58018588
2020-11-24,61.50498092
2020-11-24,61.50498092
2020-11-24,61.50498092
2020-11-24,61.50498092
2020-11-25,80.42356437
2020-11-25,80.42356437
2020-11-25,80.42356437
2020-11-25,80.42356437
2020-11-26,62.05539273
2020-11-26,62.05539273
2020-11-26,62.05539273
2020-11-26,62.05539273
2020-11-27,80.88446781
2020-11-27,80.88446781
2020-11-27,80.88446781
2020-11-27,80.88446781
2020-11-28,75.32861428
2020-11-28,75.32861428
2020-11-28,75.32861428
2020-11-28,75.32861428
2020-11-29,63.04094468
2020-11-29,63.04094468
2020-11-29,63.04094468
2020-11-29,63.04094468
2020-11-30,62.19627712
2020-11-30,62.19627712
2020-11-30,62.19627712
2020-11-30,62.19627712
2020-12-01,68.55667082
2020-12-01,68.55667082
2020-12-01,68.55667082
2020-12-01,68.55667082
2020-12-02,66.13656954
2020-12-02,66.13656954
2020-12-02,66.13656954
2020-12-02,66.13656954
2020-12-03,76.05161584
2020-12-03,76.05161584
2020-12-03,76.05161584
2020-12-03,76.05161584
2020-12-04,72.24697723
2020-12-04,72.24697723
2020-12-04,72.24697723
2020-12-04,72.24697723
2020-12-05,77.03525004
2020-12-05,77.03525004
2020-12-05,77.03525004
2020-12-05,77.03525004
2020-12-06,70.84967242
2020-12-06,70.84967242
2020-12-06,70.84967242
2020-12-06,70.84967242
2020-12-07,82.58404325
2020-12-07,82.58404325
2020-12-07,82.58404325
2020-12-07,82.58404325
2020-12-08,79.51818541
2020-12-08,79.51818541
2020-12-08,79.51818541
2020-12-08,79.51818541
2020-12-09,74.40351479
2020-12-09,74.40351479
2020-12-09,74.40351479
2020-12-09,74.40351479
2020-12-10,81.67746184
2020-12-10,81.67746184
2020-12-10,81.67746184
2020-12-10,81.67746184
2020-12-11,75.57106335
2020-12-11,75.57106335
2020-12-11,75.57106335
2020-12-11,75.57106335
2020-12-12,82.09009491
2020-12-12,82.09009491
2020-12-12,82.09009491
2020-12-12,82.09009491
2020-12-13,75.25616007
2020-12-13,75.25616007
2020-12-13,75.25616007
2020-12-13,75.25616007
2020-12-14,71.20318243
2020-12-14,71.20318243
2020-12-14,71.20318243
2020-12-14,71.20318243
2020-12-15,67.29291394
2020-12-15,67.29291394
2020-12-15,67.29291394
2020-12-15,67.29291394
2020-12-16,79.91800065
2020-12-16,79.91800065
2020-12-16,79.91800065
2020-12-16,79.91800065
2020-12-17,80.04062009
2020-12-17,80.04062009
2020-12-17,80.04062009
2020-12-17,80.04062009
2020-12-18,76.00328045
2020-12-18,76.00328045
2020-12-18,76.00328045
2020-12-18,76.00328045
2020-12-19,78.98540616
2020-12-19,78.98540616
2020-12-19,78.98540616
2020-12-19,78.98540616
2020-12-20,77.73573139
2020-12-20,77.73573139
2020-12-20,77.73573139
2020-12-20,77.73573139
2020-12-21,72.06306798
2020-12-21,72.06306798
2020-12-21,72.06306798
2020-12-21,72.06306798
2020-12-22,64.03572444
2020-12-22,64.03572444
2020-12-22,64.03572444
2020-12-22,64.03572444
2020-12-23,82.28081061
2020-12-23,82.28081061
2020-12-23,82.28081061
2020-12-23,82.28081061
2020-12-24,83.62682548
2020-12-24,83.62682548
2020-12-24,83.62682548
2020-12-24,83.62682548
2020-12-25,62.18401975
2020-12-25,62.18401975
2020-12-25,62.18401975
2020-12-25,62.18401975
2020-12-26,80.77043024
2020-12-26,80.77043024
2020-12-26,80.77043024
2020-12-26,80.77043024
2020-12-27,66.81759374
2020-12-27,66.81759374
2020-12-27,66.81759374
2020-12-27,66.81759374
2020-12-28,60.11023343
2020-12-28,60.11023343
2020-12-28,60.11023343
2020-12-28,60.11023343
2020-12-29,64.9488999
2020-12-29,64.9488999
2020-12-29,64.9488999
2020-12-29,64.9488999
2020-12-30,77.60357917
2020-12-30,77.60357917
2020-12-30,77.60357917
2020-12-30,77.60357917
2020-12-31,63.36967939
2020-12-31,63.36967939
2020-12-31,63.36967939
2020-12-31,63.36967939
2021-01-01,83.66641687
2021-01-01,83.66641687
2021-01-01,83.66641687
2021-01-01,83.66641687
2021-01-02,61.51536333
2021-01-02,61.51536333
2021-01-02,61.51536333
2021-01-02,61.51536333
2021-01-03,84.49778453
2021-01-03,84.49778453
2021-01-03,84.49778453
2021-01-03,84.49778453
2021-01-04,78.41415728
2021-01-04,78.41415728
2021-01-04,78.41415728
2021-01-04,78.41415728
2021-01-05,80.18236383
2021-01-05,80.18236383
2021-01-05,80.18236383
2021-01-05,80.18236383
2021-01-06,84.90721676
2021-01-06,84.90721676
2021-01-06,84.90721676
2021-01-06,84.90721676
2021-01-07,75.79212097
2021-01-07,75.79212097
2021-01-07,75.79212097
2021-01-07,75.79212097
2021-01-08,64.43049471
2021-01-08,64.43049471
2021-01-08,64.43049471
2021-01-08,64.43049471
2021-01-09,61.68552125
2021-01-09,61.68552125
2021-01-09,61.68552125
2021-01-09,61.68552125
2021-01-10,64.24337066
2021-01-10,64.24337066
2021-01-10,64.24337066
2021-01-10,64.24337066
2021-01-11,73.86084303
2021-01-11,73.86084303
2021-01-11,73.86084303
2021-01-11,73.86084303
2021-01-12,60.14697289
2021-01-12,60.14697289
2021-01-12,60.14697289
2021-01-12,60.14697289
2021-01-13,82.0148182
2021-01-13,82.0148182
2021-01-13,82.0148182
2021-01-13,82.0148182
2021-01-14,82.79713506
2021-01-14,82.79713506
2021-01-14,82.79713506
2021-01-14,82.79713506
2021-01-15,72.91756073
2021-01-15,72.91756073
2021-01-15,72.91756073
2021-01-15,72.91756073
2021-01-16,69.19325224
2021-01-16,69.19325224
2021-01-16,69.19325224
2021-01-16,69.19325224
2021-01-17,81.63869705
2021-01-17,81.63869705
2021-01-17,81.63869705
2021-01-17,81.63869705
2021-01-18,65.7849578
2021-01-18,65.7849578
2021-01-18,65.7849578
2021-01-18,65.7849578
2021-01-19,64.93065695
2021-01-19,64.93065695
2021-01-19,64.93065695
2021-01-19,64.93065695
2021-01-20,61.89388664
2021-01-20,61.89388664
2021-01-20,61.89388664
2021-01-20,61.89388664
2021-01-21,63.66000166
2021-01-21,63.66000166
2021-01-21,63.66000166
2021-01-21,63.66000166
2021-01-22,60.2873887
2021-01-22,60.2873887
2021-01-22,60.2873887
2021-01-22,60.2873887
2021-01-23,75.26188888
2021-01-23,75.26188888
2021-01-23,75.26188888
2021-01-23,75.26188888
2021-01-24,66.90631035
2021-01-24,66.90631035
2021-01-24,66.90631035
2021-01-24,66.90631035
2021-01-25,64.09811909
2021-01-25,64.09811909
2021-01-25,64.09811909
2021-01-25,64.09811909
2021-01-26,66.81909322
2021-01-26,66.81909322
2021-01-26,66.81909322
2021-01-26,66.81909322
2021-01-27,63.86066734
2021-01-27,63.86066734
2021-01-27,63.86066734
2021-01-27,63.86066734
2021-01-28,69.44407808
2021-01-28,69.44407808
2021-01-28,69.44407808
2021-01-28,69.44407808
2021-01-29,72.42513773
2021-01-29,72.42513773
2021-01-29,72.42513773
2021-01-29,72.42513773
2021-01-30,75.61305069
2021-01-30,75.61305069
2021-01-30,75.61305069
2021-01-30,75.61305069
2021-01-31,66.36006131
2021-01-31,66.36006131
2021-01-31,66.36006131
2021-01-31,66.36006131
2021-02-01,66.92499948
2021-02-01,66.92499948
2021-02-01,66.92499948
2021-02-01,66.92499948
2021-02-02,78.79142175
2021-02-02,78.79142175
2021-02-02,78.79142175
2021-02-02,78.79142175
2021-02-03,72.96728368
2021-02-03,72.96728368
2021-02-03,72.96728368
2021-02-03,72.96728368
2021-02-04,63.08690837
2021-02-04,63.08690837
2021-02-04,63.08690837
2021-02-04,63.08690837
2021-02-05,80.02004886
2021-02-05,80.02004886
2021-02-05,80.02004886
2021-02-05,80.02004886
2021-02-06,62.85821532
2021-02-06,62.85821532
2021-02-06,62.85821532
2021-02-06,62.85821532
2021-02-07,77.56261296
2021-02-07,77.56261296
2021-02-07,77.56261296
2021-02-07,77.56261296
2021-02-08,77.06022752
2021-02-08,77.06022752
2021-02-08,77.06022752
2021-02-08,77.06022752
2021-02-09,68.22388346
2021-02-09,68.22388346
2021-02-09,68.22388346
2021-02-09,68.22388346
2021-02-10,64.14147918
2021-02-10,64.14147918
2021-02-10,64.14147918
2021-02-10,64.14147918
2021-02-11,63.86806783
2021-02-11,63.86806783
2021-02-11,63.86806783
2021-02-11,63.86806783
2021-02-12,70.57074642
2021-02-12,70.57074642
2021-02-12,70.57074642
2021-02-12,70.57074642
2021-02-13,78.76293497
2021-02-13,78.76293497
2021-02-13,78.76293497
2021-02-13,78.76293497
2021-02-14,72.81963177
2021-02-14,72.81963177
2021-02-14,72.81963177
2021-02-14,72.81963177
2021-02-15,61.69717364
2021-02-15,61.69717364
2021-02-15,61.69717364
2021-02-15,61.69717364
2021-02-16,74.94631074
2021-02-16,74.94631074
2021-02-16,74.94631074
2021-02-16,74.94631074
2021-02-17,75.83144148
2021-02-17,75.83144148
2021-02-17,75.83144148
2021-02-17,75.83144148
2021-02-18,65.74010327
2021-02-18,65.74010327
2021-02-18,65.74010327
2021-02-18,65.74010327
2021-02-19,84.33412207
2021-02-19,84.33412207
2021-02-19,84.33412207
2021-02-19,84.33412207
2021-02-20,76.00995922
2021-02-20,76.00995922
2021-02-20,76.00995922
2021-02-20,76.00995922
2021-02-21,77.80130415
2021-02-21,77.80130415
2021-02-21,77.80130415
2021-02-21,77.80130415
2021-02-22,76.21568108
2021-02-22,76.21568108
2021-02-22,76.21568108
2021-02-22,76.21568108
2021-02-23,81.55455971
2021-02-23,81.55455971
2021-02-23,81.55455971
2021-02-23,81.55455971
2021-02-24,66.57206215
2021-02-24,66.57206215
2021-02-24,66.57206215
2021-02-24,66.57206215
2021-02-25,79.1301965
2021-02-25,79.1301965
2021-02-25,79.1301965
2021-02-25,79.1301965
2021-02-26,62.73319882
2021-02-26,62.73319882
2021-02-26,62.73319882
2021-02-26,62.73319882
2021-02-27,71.44104176
2021-02-27,71.44104176
2021-02-27,71.44104176
2021-02-27,71.44104176
2021-02-28,67.50866074
2021-02-28,67.50866074
2021-02-28,67.50866074
2021-02-28,67.50866074
2021-03-01,61.55919588
2021-03-01,61.55919588
2021-03-01,61.55919588
2021-03-01,61.55919588
2021-03-02,65.85289818
2021-03-02,65.85289818
2021-03-02,65.85289818
2021-03-02,65.85289818
2021-03-03,82.27337522
2021-03-03,82.27337522
2021-03-03,82.27337522
2021-03-03,82.27337522
2021-03-04,84.91011271
2021-03-04,84.91011271
2021-03-04,84.91011271
2021-03-04,84.91011271
2021-03-05,64.10777168
2021-03-05,64.10777168
2021-03-05,64.10777168
2021-03-05,64.10777168
2021-03-06,64.88061055
2021-03-06,64.88061055
2021-03-06,64.88061055
2021-03-06,64.88061055
2021-03-07,75.19907414
2021-03-07,75.19907414
2021-03-07,75.19907414
2021-03-07,75.19907414
2021-03-08,69.31458217
2021-03-08,69.31458217
2021-03-08,69.31458217
2021-03-08,69.31458217
2021-03-09,72.33920476
2021-03-09,72.33920476
2021-03-09,72.33920476
2021-03-09,72.33920476
2021-03-10,64.00159103
2021-03-10,64.00159103
2021-03-10,64.00159103
2021-03-10,64.00159103
2021-03-11,76.61826401
2021-03-11,76.61826401
2021-03-11,76.61826401
2021-03-11,76.61826401
2021-03-12,83.63222408
2021-03-12,83.63222408
2021-03-12,83.63222408
2021-03-12,83.63222408
2021-03-13,80.61762338
2021-03-13,80.61762338
2021-03-13,80.61762338
2021-03-13,80.61762338
2021-03-14,75.94527618
2021-03-14,75.94527618
2021-03-14,75.94527618
2021-03-14,75.94527618
2021-03-15,76.2216018
2021-03-15,76.2216018
2021-03-15,76.2216018
2021-03-15,76.2216018
2021-03-16,70.78168553
2021-03-16,70.78168553
2021-03-16,70.78168553
2021-03-16,70.78168553
2021-03-17,75.73683378
2021-03-17,75.73683378
2021-03-17,75.73683378
2021-03-17,75.73683378
2021-03-18,73.75455072
2021-03-18,73.75455072
2021-03-18,73.75455072
2021-03-18,73.75455072
2021-03-19,73.13327469
2021-03-19,73.13327469
2021-03-19,73.13327469
2021-03-19,73.13327469
2021-03-20,73.46585282
2021-03-20,73.46585282
2021-03-20,73.46585282
2021-03-20,73.46585282
2021-03-21,61.18568999
2021-03-21,61.18568999
2021-03-21,61.18568999
2021-03-21,61.18568999
2021-03-22,67.66042667
2021-03-22,67.66042667
2021-03-22,67.66042667
2021-03-22,67.66042667
2021-03-23,80.58251206
2021-03-23,80.58251206
2021-03-23,80.58251206
2021-03-23,80.58251206
2021-03-24,81.65893517
2021-03-24,81.65893517
2021-03-24,81.65893517
2021-03-24,81.65893517
2021-03-25,77.53325058
2021-03-25,77.53325058
2021-03-25,77.53325058
2021-03-25,77.53325058
2021-03-26,82.3602677
2021-03-26,82.3602677
2021-03-26,82.3602677
2021-03-26,82.3602677
2021-03-27,69.51553523
2021-03-27,69.51553523
2021-03-27,69.51553523
2021-03-27,69.51553523
2021-03-28,79.12584119
2021-03-28,79.12584119
2021-03-28,79.12584119
2021-03-28,79.12584119
2021-03-29,62.95521726
2021-03-29,62.95521726
2021-03-29,62.95521726
2021-03-29,62.95521726
2021-03-30,62.09502838
2021-03-30,62.09502838
2021-03-30,62.09502838
2021-03-30,62.09502838
2021-03-31,76.89889967
2021-03-31,76.89889967
2021-03-31,76.89889967
2021-03-31,76.89889967
2021-04-01,69.42506407
2021-04-01,69.42506407
2021-04-01,69.42506407
2021-04-01,69.42506407
2021-04-02,64.49132957
2021-04-02,64.49132957
2021-04-02,64.49132957
2021-04-02,64.49132957
2021-04-03,79.09037784
2021-04-03,79.09037784
2021-04-03,79.09037784
2021-04-03,79.09037784
2021-04-04,62.37501073
2021-04-04,62.37501073
2021-04-04,62.37501073
2021-04-04,62.37501073
2021-04-05,66.53188436
2021-04-05,66.53188436
2021-04-05,66.53188436
2021-04-05,66.53188436
2021-04-20,81.18385924
2021-04-20,81.18385924
2021-04-20,81.18385924
2021-04-20,81.18385924
2021-04-21,69.39032767
2021-04-21,69.39032767
2021-04-21,69.39032767
2021-04-21,69.39032767
2021-04-22,83.12971089
2021-04-22,83.12971089
2021-04-22,83.12971089
2021-04-22,83.12971089
2021-04-23,63.64662328
2021-04-23,63.64662328
2021-04-23,63.64662328
2021-04-23,63.64662328
2021-04-24,80.40084625
2021-04-24,80.40084625
2021-04-24,80.40084625
2021-04-24,80.40084625
2021-04-25,71.29094721
2021-04-25,71.29094721
2021-04-25,71.29094721
2021-04-25,71.29094721
2021-04-26,74.64967213
2021-04-26,74.64967213
2021-04-26,74.64967213
2021-04-26,74.64967213
2021-04-27,80.88077081
2021-04-27,80.88077081
2021-04-27,80.88077081
2021-04-27,80.88077081
2021-04-28,78.81450146
2021-04-28,78.81450146
2021-04-28,78.81450146
2021-04-28,78.81450146
2021-04-29,62.46706892
2021-04-29,62.46706892
2021-04-29,62.46706892
2021-04-29,62.46706892
2021-04-30,62.42248752
2021-04-30,62.42248752
2021-04-30,62.42248752
2021-04-30,62.42248752
2021-05-01,68.60522351
2021-05-01,68.60522351
2021-05-01,68.60522351
2021-05-01,68.60522351
2021-05-02,80.86788128
2021-05-02,80.86788128
2021-05-02,80.86788128
2021-05-02,80.86788128
2021-05-03,74.74476697
2021-05-03,74.74476697
2021-05-03,74.74476697
2021-05-03,74.74476697
2021-05-04,75.74457764
2021-05-04,75.74457764
2021-05-04,75.74457764
2021-05-04,75.74457764
2021-05-05,65.81167319
2021-05-05,65.81167319
2021-05-05,65.81167319
2021-05-05,65.81167319
2021-05-06,77.53399902
2021-05-06,77.53399902
2021-05-06,77.53399902
2021-05-06,77.53399902
2021-05-07,67.72989881
2021-05-07,67.72989881
2021-05-07,67.72989881
2021-05-07,67.72989881
2021-05-08,83.13317573
2021-05-08,83.13317573
2021-05-08,83.13317573
2021-05-08,83.13317573
2021-05-09,83.52568208
2021-05-09,83.52568208
2021-05-09,83.52568208
2021-05-09,83.52568208
2021-05-10,70.6215225
2021-05-10,70.6215225
2021-05-10,70.6215225
2021-05-10,70.6215225
2021-05-11,63.54684753
2021-05-11,63.54684753
2021-05-11,63.54684753
2021-05-11,63.54684753
2021-05-12,67.27020355
2021-05-12,67.27020355
2021-05-12,67.27020355
2021-05-12,67.27020355
2021-05-13,72.62914563
2021-05-13,72.62914563
2021-05-13,72.62914563
2021-05-13,72.62914563
2021-05-14,80.58428564
2021-05-14,80.58428564
2021-05-14,80.58428564
2021-05-14,80.58428564
2021-05-15,82.62436035
2021-05-15,82.62436035
2021-05-15,82.62436035
2021-05-15,82.62436035
2021-05-16,80.20258609
2021-05-16,80.20258609
2021-05-16,80.20258609
2021-05-16,80.20258609
2021-05-17,81.14592307
2021-05-17,81.14592307
2021-05-17,81.14592307
2021-05-17,81.14592307
2021-05-18,73.65865639
2021-05-18,73.65865639
2021-05-18,73.65865639
2021-05-18,73.65865639
2021-05-19,63.21525782
2021-05-19,63.21525782
2021-05-19,63.21525782
2021-05-19,63.21525782
2021-05-20,74.30238862
2021-05-20,74.30238862
2021-05-20,74.30238862
2021-05-20,74.30238862
2021-05-21,61.43755755
2021-05-21,61.43755755
2021-05-21,61.43755755
2021-05-21,61.43755755
2021-05-22,74.3970245
2021-05-22,74.3970245
2021-05-22,74.3970245
2021-05-22,74.3970245
2021-05-23,61.58375728
2021-05-23,61.58375728
2021-05-23,61.58375728
2021-05-23,61.58375728
2021-05-24,62.42075606
2021-05-24,62.42075606
2021-05-24,62.42075606
2021-05-24,62.42075606
2021-05-25,78.89371378
2021-05-25,78.89371378
2021-05-25,78.89371378
2021-05-25,78.89371378
2021-05-26,61.62369128
2021-05-26,61.62369128
2021-05-26,61.62369128
2021-05-26,61.62369128
2021-05-27,72.88497858
2021-05-27,72.88497858
2021-05-27,72.88497858
2021-05-27,72.88497858
2021-05-28,72.70578373
2021-05-28,72.70578373
2021-05-28,72.70578373
2021-05-28,72.70578373
2021-05-29,74.99590519
2021-05-29,74.99590519
2021-05-29,74.99590519
2021-05-29,74.99590519
2021-05-30,69.20369021
2021-05-30,69.20369021
2021-05-30,69.20369021
2021-05-30,69.20369021
2021-05-31,78.50826384
2021-05-31,78.50826384
2021-05-31,78.50826384
2021-05-31,78.50826384
2021-06-01,68.87633524
2021-06-01,68.87633524
2021-06-01,68.87633524
2021-06-01,68.87633524
2021-06-02,62.88708413
2021-06-02,62.88708413
2021-06-02,62.88708413
2021-06-02,62.88708413
2021-06-05,79.08599954
2021-06-05,79.08599954
2021-06-05,79.08599954
2021-06-05,79.08599954
2021-06-06,72.1702366
2021-06-06,72.1702366
2021-06-06,72.1702366
2021-06-06,72.1702366
2021-06-07,79.88007224
2021-06-07,79.88007224
2021-06-07,79.88007224
2021-06-07,79.88007224
2021-06-08,77.29574387
2021-06-08,77.29574387
2021-06-08,77.29574387
2021-06-08,77.29574387
2021-06-09,60.64390862
2021-06-09,60.64390862
2021-06-09,60.64390862
2021-06-09,60.64390862
2021-06-10,66.23325834
2021-06-10,66.23325834
2021-06-10,66.23325834
2021-06-10,66.23325834
2021-06-11,80.90123037
2021-06-11,80.90123037
2021-06-11,80.90123037
2021-06-11,80.90123037
2021-06-12,60.59910905
2021-06-12,60.59910905
2021-06-12,60.59910905
2021-06-12,60.59910905
2021-06-13,72.39693681
2021-06-13,72.39693681
2021-06-13,72.39693681
2021-06-13,72.39693681
2021-06-14,78.76041599
2021-06-14,78.76041599
2021-06-14,78.76041599
2021-06-14,78.76041599
2021-06-15,60.32529965
2021-06-15,60.32529965
2021-06-15,60.32529965
2021-06-15,60.32529965
2021-06-16,70.7694985
2021-06-16,70.7694985
2021-06-16,70.7694985
2021-06-16,70.7694985
2021-06-17,66.66965168
2021-06-17,66.66965168
2021-06-17,66.66965168
2021-06-17,66.66965168
2021-06-18,74.27436761
2021-06-18,74.27436761
2021-06-18,74.27436761
2021-06-18,74.27436761
2021-06-19,81.68971449
2021-06-19,81.68971449
2021-06-19,81.68971449
2021-06-19,81.68971449
2021-06-20,80.63315423
2021-06-20,80.63315423
2021-06-20,80.63315423
2021-06-20,80.63315423
2021-06-21,74.72682588
2021-06-21,74.72682588
2021-06-21,74.72682588
2021-06-21,74.72682588
2021-06-22,65.53509604
2021-06-22,65.53509604
2021-06-22,65.53509604
2021-06-22,65.53509604
2021-06-23,70.72157983
2021-06-23,70.72157983
2021-06-23,70.72157983
2021-06-23,70.72157983
2021-06-24,64.21049448
2021-06-24,64.21049448
2021-06-24,64.21049448
2021-06-24,64.21049448
2021-06-25,68.06328707
2021-06-25,68.06328707
2021-06-25,68.06328707
2021-06-25,68.06328707
2021-06-26,83.84207408
2021-06-26,83.84207408
2021-06-26,83.84207408
2021-06-26,83.84207408
2021-06-27,82.47158407
2021-06-27,82.47158407
2021-06-27,82.47158407
2021-06-27,82.47158407
2021-06-28,77.20580226
2021-06-28,77.20580226
2021-06-28,77.20580226
2021-06-28,77.20580226
2021-06-29,81.55935567
2021-06-29,81.55935567
2021-06-29,81.55935567
2021-06-29,81.55935567
2021-06-30,77.20331671
2021-06-30,77.20331671
2021-06-30,77.20331671
2021-06-30,77.20331671
2021-07-01,84.7699836
2021-07-01,84.7699836
2021-07-01,84.7699836
2021-07-01,84.7699836
2021-07-02,63.20853215
2021-07-02,63.20853215
2021-07-02,63.20853215
2021-07-02,63.20853215
2021-07-03,78.35262338
2021-07-03,78.35262338
2021-07-03,78.35262338
2021-07-03,78.35262338
2021-07-04,84.09817081
2021-07-04,84.09817081
2021-07-04,84.09817081
2021-07-04,84.09817081
2021-07-05,72.89388546
2021-07-05,72.89388546
2021-07-05,72.89388546
2021-07-05,72.89388546
2021-07-06,76.38979995
2021-07-06,76.38979995
2021-07-06,76.38979995
2021-07-06,76.38979995
2021-07-07,81.77536229
2021-07-07,81.77536229
2021-07-07,81.77536229
2021-07-07,81.77536229
2021-07-08,67.87960601
2021-07-08,67.87960601
2021-07-08,67.87960601
2021-07-08,67.87960601
2021-07-09,64.09475269
2021-07-09,64.09475269
2021-07-09,64.09475269
2021-07-09,64.09475269
2021-07-10,62.04101834
2021-07-10,62.04101834
2021-07-10,62.04101834
2021-07-10,62.04101834
2021-07-11,83.8501172
2021-07-11,83.8501172
2021-07-11,83.8501172
2021-07-11,83.8501172
2021-07-12,66.35927925
2021-07-12,66.35927925
2021-07-12,66.35927925
2021-07-12,66.35927925
2021-07-13,71.21065978
2021-07-13,71.21065978
2021-07-13,71.21065978
2021-07-13,71.21065978
2021-07-14,72.01887248
2021-07-14,72.01887248
2021-07-14,72.01887248
2021-07-14,72.01887248
2021-07-15,71.57437185
2021-07-15,71.57437185
2021-07-15,71.57437185
2021-07-15,71.57437185
2021-07-16,83.44409415
2021-07-16,83.44409415
2021-07-16,83.44409415
2021-07-16,83.44409415
2021-07-17,66.02987703
2021-07-17,66.02987703
2021-07-17,66.02987703
2021-07-17,66.02987703
2021-07-18,63.93345641
2021-07-18,63.93345641
2021-07-18,63.93345641
2021-07-18,63.93345641
2021-07-19,67.30536284
2021-07-19,67.30536284
2021-07-19,67.30536284
2021-07-19,67.30536284
2021-07-20,80.84051944
2021-07-20,80.84051944
2021-07-20,80.84051944
2021-07-20,80.84051944
2021-07-21,82.68233834
2021-07-21,82.68233834
2021-07-21,82.68233834
2021-07-21,82.68233834
2021-07-22,79.77389156
2021-07-22,79.77389156
2021-07-22,79.77389156
2021-07-22,79.77389156
2021-07-23,81.97642408
2021-07-23,81.97642408
2021-07-23,81.97642408
2021-07-23,81.97642408
2021-07-24,73.75992663
2021-07-24,73.75992663
2021-07-24,73.75992663
2021-07-24,73.75992663
2021-07-25,75.3427307
2021-07-25,75.3427307
2021-07-25,75.3427307
2021-07-25,75.3427307
2021-07-26,79.79306328
2021-07-26,79.79306328
2021-07-26,79.79306328
2021-07-26,79.79306328
2021-07-27,77.20349712
2021-07-27,77.20349712
2021-07-27,77.20349712
2021-07-27,77.20349712
2021-07-28,67.81317142
2021-07-28,67.81317142
2021-07-28,67.81317142
2021-07-28,67.81317142
2021-07-29,80.48844149
2021-07-29,80.48844149
2021-07-29,80.48844149
2021-07-29,80.48844149
2021-07-30,70.92533959
2021-07-30,70.92533959
2021-07-30,70.92533959
2021-07-30,70.92533959
2021-07-31,62.05911381
2021-07-31,62.05911381
2021-07-31,62.05911381
2021-07-31,62.05911381
2021-08-01,79.36368827
2021-08-01,79.36368827
2021-08-01,79.36368827
2021-08-01,79.36368827
2021-08-02,70.19800096
2021-08-02,70.19800096
2021-08-02,70.19800096
2021-08-02,70.19800096
2021-08-03,65.74414093
2021-08-03,65.74414093
2021-08-03,65.74414093
2021-08-03,65.74414093
2021-08-04,68.07518076
2021-08-04,68.07518076
2021-08-04,68.07518076
2021-08-04,68.07518076
2021-08-05,63.40334046
2021-08-05,63.40334046
2021-08-05,63.40334046
2021-08-05,63.40334046
2021-08-06,84.49535345
2021-08-06,84.49535345
2021-08-06,84.49535345
2021-08-06,84.49535345
2021-08-07,66.36888991
2021-08-07,66.36888991
2021-08-07,66.36888991
2021-08-07,66.36888991
2021-08-08,70.0170831
2021-08-08,70.0170831
2021-08-08,70.0170831
2021-08-08,70.0170831
2021-08-09,83.1749803
2021-08-09,83.1749803
2021-08-09,83.1749803
2021-08-09,83.1749803
2021-08-10,79.33507233
2021-08-10,79.33507233
2021-08-10,79.33507233
2021-08-10,79.33507233
2021-08-11,82.35168802
2021-08-11,82.35168802
2021-08-11,82.35168802
2021-08-11,82.35168802
2021-08-12,65.77637218
2021-08-12,65.77637218
2021-08-12,65.77637218
2021-08-12,65.77637218
2021-08-13,63.71151119
2021-08-13,63.71151119
2021-08-13,63.71151119
2021-08-13,63.71151119
2021-08-14,79.66327505
2021-08-14,79.66327505
2021-08-14,79.66327505
2021-08-14,79.66327505
2021-08-15,63.38929463
2021-08-15,63.38929463
2021-08-15,63.38929463
2021-08-15,63.38929463
2021-08-16,74.59443687
2021-08-16,74.59443687
2021-08-16,74.59443687
2021-08-16,74.59443687
2021-08-17,62.29054553
2021-08-17,62.29054553
2021-08-17,62.29054553
2021-08-17,62.29054553
2021-08-18,83.8546115
2021-08-18,83.8546115
2021-08-18,83.8546115
2021-08-18,83.8546115
2021-08-19,68.4681331
2021-08-19,68.4681331
2021-08-19,68.4681331
2021-08-19,68.4681331
2021-08-20,77.56489288
2021-08-20,77.56489288
2021-08-20,77.56489288
2021-08-20,77.56489288
2021-08-21,74.74532329
2021-08-21,74.74532329
2021-08-21,74.74532329
2021-08-21,74.74532329
2021-08-22,68.92897606
2021-08-22,68.92897606
2021-08-22,68.92897606
2021-08-22,68.92897606
2021-08-23,71.82869702
2021-08-23,71.82869702
2021-08-23,71.82869702
2021-08-23,71.82869702
2021-08-24,72.40950706
2021-08-24,72.40950706
2021-08-24,72.40950706
2021-08-24,72.40950706
2021-08-25,82.36793647
2021-08-25,82.36793647
2021-08-25,82.36793647
2021-08-25,82.36793647
2021-08-26,82.15373844
2021-08-26,82.15373844
2021-08-26,82.15373844
2021-08-26,82.15373844
2021-08-27,72.53968275
2021-08-27,72.53968275
2021-08-27,72.53968275
2021-08-27,72.53968275
2021-08-28,82.38219236
2021-08-28,82.38219236
2021-08-28,82.38219236
2021-08-28,82.38219236
2021-08-29,66.36015355
2021-08-29,66.36015355
2021-08-29,66.36015355
2021-08-29,66.36015355
2021-08-30,61.42860267
2021-08-30,61.42860267
2021-08-30,61.42860267
2021-08-30,61.42860267
2021-08-31,77.40207493
2021-08-31,77.40207493
2021-08-31,77.40207493
2021-08-31,77.40207493
2021-09-01,64.40865781
2021-09-01,64.40865781
2021-09-01,64.40865781
2021-09-01,64.40865781
2021-09-02,80.29465385
2021-09-02,80.29465385
2021-09-02,80.29465385
2021-09-02,80.29465385
2021-09-03,77.90887344
2021-09-03,77.90887344
2021-09-03,77.90887344
2021-09-03,77.90887344
2021-09-04,66.732765
2021-09-04,66.732765
2021-09-04,66.732765
2021-09-04,66.732765
2021-09-05,67.97049226
2021-09-05,67.97049226
2021-09-05,67.97049226
2021-09-05,67.97049226
2021-09-06,64.66748956
2021-09-06,64.66748956
2021-09-06,64.66748956
2021-09-06,64.66748956
2021-09-07,81.7510595
2021-09-07,81.7510595
2021-09-07,81.7510595
2021-09-07,81.7510595
2021-09-08,80.39380171
2021-09-08,80.39380171
2021-09-08,80.39380171
2021-09-08,80.39380171
2021-09-09,62.48941073
2021-09-09,62.48941073
2021-09-09,62.48941073
2021-09-09,62.48941073
2021-09-10,81.53945804
2021-09-10,81.53945804
2021-09-10,81.53945804
2021-09-10,81.53945804
2021-09-11,65.94349664
2021-09-11,65.94349664
2021-09-11,65.94349664
2021-09-11,65.94349664
2021-09-12,72.39011471
2021-09-12,72.39011471
2021-09-12,72.39011471
2021-09-12,72.39011471
2021-09-13,64.07789615
2021-09-13,64.07789615
2021-09-13,64.07789615
2021-09-13,64.07789615
2021-09-14,67.72760076
2021-09-14,67.72760076
2021-09-14,67.72760076
2021-09-14,67.72760076
2021-09-15,62.62414189
2021-09-15,62.62414189
2021-09-15,62.62414189
2021-09-15,62.62414189
2021-09-16,66.31079237
2021-09-16,66.31079237
2021-09-16,66.31079237
2021-09-16,66.31079237
2021-09-17,61.31348544
2021-09-17,61.31348544
2021-09-17,61.31348544
2021-09-17,61.31348544
2021-09-18,60.59317392
2021-09-18,60.59317392
2021-09-18,60.59317392
2021-09-18,60.59317392
2021-09-19,63.74431428
2021-09-19,63.74431428
2021-09-19,63.74431428
2021-09-19,63.74431428
2021-09-20,65.55978451
2021-09-20,65.55978451
2021-09-20,65.55978451
2021-09-20,65.55978451
2021-09-21,67.51107754
2021-09-21,67.51107754
2021-09-21,67.51107754
2021-09-21,67.51107754
2021-09-22,79.4041274
2021-09-22,79.4041274
2021-09-22,79.4041274
2021-09-22,79.4041274
2021-09-23,62.83109169
2021-09-23,62.83109169
2021-09-23,62.83109169
2021-09-23,62.83109169
2021-09-24,70.67112172
2021-09-24,70.67112172
2021-09-24,70.67112172
2021-09-24,70.67112172
2021-09-25,77.97870097
2021-09-25,77.97870097
2021-09-25,77.97870097
2021-09-25,77.97870097
2021-09-26,74.98673846
2021-09-26,74.98673846
2021-09-26,74.98673846
2021-09-26,74.98673846
2021-09-27,63.63294606
2021-09-27,63.63294606
2021-09-27,63.63294606
2021-09-27,63.63294606
2021-09-28,61.94390546
2021-09-28,61.94390546
2021-09-28,61.94390546
2021-09-28,61.94390546
2021-09-29,67.48820209
2021-09-29,67.48820209
2021-09-29,67.48820209
2021-09-29,67.48820209
2021-09-30,71.77287282
2021-09-30,71.77287282
2021-09-30,71.77287282
2021-09-30,71.77287282
2021-10-01,68.13106633
2021-10-01,68.13106633
2021-10-01,68.13106633
2021-10-01,68.13106633
2021-10-02,78.00808824
2021-10-02,78.00808824
2021-10-02,78.00808824
2021-10-02,78.00808824
2021-10-03,73.74996126
2021-10-03,73.74996126
2021-10-03,73.74996126
2021-10-03,73.74996126
2021-10-04,64.95592673
2021-10-04,64.95592673
2021-10-04,64.95592673
2021-10-04,64.95592673
2021-10-05,83.04951382
2021-10-05,83.04951382
2021-10-05,83.04951382
2021-10-05,83.04951382
2021-10-06,72.53521474
2021-10-06,72.53521474
2021-10-06,72.53521474
2021-10-06,72.53521474
2021-10-07,69.35398286
2021-10-07,69.35398286
2021-10-07,69.35398286
2021-10-07,69.35398286
2021-10-08,61.74004753
2021-10-08,61.74004753
2021-10-08,61.74004753
2021-10-08,61.74004753
2021-10-09,84.90241073
2021-10-09,84.90241073
2021-10-09,84.90241073
2021-10-09,84.90241073
2021-10-10,65.29312359
2021-10-10,65.29312359
2021-10-10,65.29312359
2021-10-10,65.29312359
2021-10-11,77.21641939
2021-10-11,77.21641939
2021-10-11,77.21641939
2021-10-11,77.21641939
2021-10-12,76.95809436
2021-10-12,76.95809436
2021-10-12,76.95809436
2021-10-12,76.95809436
2021-10-13,74.05814538
2021-10-13,74.05814538
2021-10-13,74.05814538
2021-10-13,74.05814538
2021-10-14,76.50041062
2021-10-14,76.50041062
2021-10-14,76.50041062
2021-10-14,76.50041062
2021-10-15,60.82624031
2021-10-15,60.82624031
2021-10-15,60.82624031
2021-10-15,60.82624031
2021-10-16,72.27197093
2021-10-16,72.27197093
2021-10-16,72.27197093
2021-10-16,72.27197093
2021-10-17,74.67355616
2021-10-17,74.67355616
2021-10-17,74.67355616
2021-10-17,74.67355616
2021-10-18,70.87573011
2021-10-18,70.87573011
2021-10-18,70.87573011
2021-10-18,70.87573011
2021-10-19,84.50975931
2021-10-19,84.50975931
2021-10-19,84.50975931
2021-10-19,84.50975931
2021-10-20,64.46963886
2021-10-20,64.46963886
2021-10-20,64.46963886
2021-10-20,64.46963886
2021-10-21,67.59034876
2021-10-21,67.59034876
2021-10-21,67.59034876
2021-10-21,67.59034876
2021-10-22,73.61139765
2021-10-22,73.61139765
2021-10-22,73.61139765
2021-10-22,73.61139765
2021-10-23,63.96217543
2021-10-23,63.96217543
2021-10-23,63.96217543
2021-10-23,63.96217543
2021-10-24,71.19728865
2021-10-24,71.19728865
2021-10-24,71.19728865
2021-10-24,71.19728865
2021-10-25,84.0496343
2021-10-25,84.0496343
2021-10-25,84.0496343
2021-10-25,84.0496343
2021-10-26,79.21805464
2021-10-26,79.21805464
2021-10-26,79.21805464
2021-10-26,79.21805464
2021-10-27,72.38592453
2021-10-27,72.38592453
2021-10-27,72.38592453
2021-10-27,72.38592453
2021-10-28,70.58115012
2021-10-28,70.58115012
2021-10-28,70.58115012
2021-10-28,70.58115012
2021-10-29,76.91450463
2021-10-29,76.91450463
2021-10-29,76.91450463
2021-10-29,76.91450463
2021-10-30,74.93947759
2021-10-30,74.93947759
2021-10-30,74.93947759
2021-10-30,74.93947759
2021-10-31,67.68168661
2021-10-31,67.68168661
2021-10-31,67.68168661
2021-10-31,67.68168661
2021-11-01,76.84541085
2021-11-01,76.84541085
2021-11-01,76.84541085
2021-11-01,76.84541085
2021-11-02,71.37590669
2021-11-02,71.37590669
2021-11-02,71.37590669
2021-11-02,71.37590669
2021-11-03,82.9816221
2021-11-03,82.9816221
2021-11-03,82.9816221
2021-11-03,82.9816221
2021-11-04,72.15050345
2021-11-04,72.15050345
2021-11-04,72.15050345
2021-11-04,72.15050345
2021-11-05,83.7984817
2021-11-05,83.7984817
2021-11-05,83.7984817
2021-11-05,83.7984817
2021-11-06,61.25482929
2021-11-06,61.25482929
2021-11-06,61.25482929
2021-11-06,61.25482929
2021-11-07,60.76163335
2021-11-07,60.76163335
2021-11-07,60.76163335
2021-11-07,60.76163335
2021-11-08,84.15277112
2021-11-08,84.15277112
2021-11-08,84.15277112
2021-11-08,84.15277112
2021-11-09,62.40509439
2021-11-09,62.40509439
2021-11-09,62.40509439
2021-11-09,62.40509439
2021-11-10,79.26744195
2021-11-10,79.26744195
2021-11-10,79.26744195
2021-11-10,79.26744195
2021-11-11,74.53836635
2021-11-11,74.53836635
2021-11-11,74.53836635
2021-11-11,74.53836635
2021-11-12,81.669693
2021-11-12,81.669693
2021-11-12,81.669693
2021-11-12,81.669693
2021-11-13,80.91794711
2021-11-13,80.91794711
2021-11-13,80.91794711
2021-11-13,80.91794711
2021-11-14,71.6221836
2021-11-14,71.6221836
2021-11-14,71.6221836
2021-11-14,71.6221836
2021-11-15,82.68891785
2021-11-15,82.68891785
2021-11-15,82.68891785
2021-11-15,82.68891785
2021-11-16,68.22133013
2021-11-16,68.22133013
2021-11-16,68.22133013
2021-11-16,68.22133013
2021-11-17,83.29130553
2021-11-17,83.29130553
2021-11-17,83.29130553
2021-11-17,83.29130553
2021-11-18,67.36271671
2021-11-18,67.36271671
2021-11-18,67.36271671
2021-11-18,67.36271671
2021-11-19,60.76667012
2021-11-19,60.76667012
2021-11-19,60.76667012
2021-11-19,60.76667012
2021-11-20,84.41442212
2021-11-20,84.41442212
2021-11-20,84.41442212
2021-11-20,84.41442212
2021-11-21,67.65936027
2021-11-21,67.65936027
2021-11-21,67.65936027
2021-11-21,67.65936027
2021-11-22,84.30780523
2021-11-22,84.30780523
2021-11-22,84.30780523
2021-11-22,84.30780523
2021-11-23,76.79133747
2021-11-23,76.79133747
2021-11-23,76.79133747
2021-11-23,76.79133747
2021-11-24,73.69426077
2021-11-24,73.69426077
2021-11-24,73.69426077
2021-11-24,73.69426077
2021-11-25,74.50556752
2021-11-25,74.50556752
2021-11-25,74.50556752
2021-11-25,74.50556752
2021-11-26,73.4344085
2021-11-26,73.4344085
2021-11-26,73.4344085
2021-11-26,73.4344085
2021-11-27,61.88470526
2021-11-27,61.88470526
2021-11-27,61.88470526
2021-11-27,61.88470526
2021-11-28,73.94051024
2021-11-28,73.94051024
2021-11-28,73.94051024
2021-11-28,73.94051024
2021-11-29,71.91667791
2021-11-29,71.91667791
2021-11-29,71.91667791
2021-11-29,71.91667791
2021-11-30,67.59835298
2021-11-30,67.59835298
2021-11-30,67.59835298
2021-11-30,67.59835298
2021-12-01,72.55173801
2021-12-01,72.55173801
2021-12-01,72.55173801
2021-12-01,72.55173801
2021-12-02,78.42530629
2021-12-02,78.42530629
2021-12-02,78.42530629
2021-12-02,78.42530629
2021-12-03,78.15937955
2021-12-03,78.15937955
2021-12-03,78.15937955
2021-12-03,78.15937955
2021-12-04,66.4821582
2021-12-04,66.4821582
2021-12-04,66.4821582
2021-12-04,66.4821582
2021-12-05,78.96544853
2021-12-05,78.96544853
2021-12-05,78.96544853
2021-12-05,78.96544853
2021-12-06,64.23261362
2021-12-06,64.23261362
2021-12-06,64.23261362
2021-12-06,64.23261362
2021-12-07,77.07997793
2021-12-07,77.07997793
2021-12-07,77.07997793
2021-12-07,77.07997793
2021-12-08,78.67499311
2021-12-08,78.67499311
2021-12-08,78.67499311
2021-12-08,78.67499311
2021-12-09,77.50831579
2021-12-09,77.50831579
2021-12-09,77.50831579
2021-12-09,77.50831579
2021-12-10,75.79341306
2021-12-10,75.79341306
2021-12-10,75.79341306
2021-12-10,75.79341306
2021-12-11,60.94602987
2021-12-11,60.94602987
2021-12-11,60.94602987
2021-12-11,60.94602987
2021-12-12,71.51924314
2021-12-12,71.51924314
2021-12-12,71.51924314
2021-12-12,71.51924314
2021-12-13,79.55462349
2021-12-13,79.55462349
2021-12-13,79.55462349
2021-12-13,79.55462349
2021-12-14,81.67983986
2021-12-14,81.67983986
2021-12-14,81.67983986
2021-12-14,81.67983986
2021-12-15,82.9011479
2021-12-15,82.9011479
2021-12-15,82.9011479
2021-12-15,82.9011479
2021-12-16,70.13312666
2021-12-16,70.13312666
2021-12-16,70.13312666
2021-12-16,70.13312666
2021-12-17,63.77418775
2021-12-17,63.77418775
2021-12-17,63.77418775
2021-12-17,63.77418775
2021-12-18,73.60969872
2021-12-18,73.60969872
2021-12-18,73.60969872
2021-12-18,73.60969872
2021-12-19,66.53974734
2021-12-19,66.53974734
2021-12-19,66.53974734
2021-12-19,66.53974734
2021-12-20,84.68507232
2021-12-20,84.68507232
2021-12-20,84.68507232
2021-12-20,84.68507232
2021-12-21,65.38315826
2021-12-21,65.38315826
2021-12-21,65.38315826
2021-12-21,65.38315826
2021-12-22,73.42331297
2021-12-22,73.42331297
2021-12-22,73.42331297
2021-12-22,73.42331297
2021-12-23,70.32226846
2021-12-23,70.32226846
2021-12-23,70.32226846
2021-12-23,70.32226846
2021-12-24,65.7276318
2021-12-24,65.7276318
2021-12-24,65.7276318
2021-12-24,65.7276318
2021-12-25,78.50861245
2021-12-25,78.50861245
2021-12-25,78.50861245
2021-12-25,78.50861245
2021-12-26,77.47733571
2021-12-26,77.47733571
2021-12-26,77.47733571
2021-12-26,77.47733571
2021-12-27,63.24199635
2021-12-27,63.24199635
2021-12-27,63.24199635
2021-12-27,63.24199635
2021-12-28,61.64299846
2021-12-28,61.64299846
2021-12-28,61.64299846
2021-12-28,61.64299846
2021-12-29,83.72640889
2021-12-29,83.72640889
2021-12-29,83.72640889
2021-12-29,83.72640889
2021-12-30,65.80764531
2021-12-30,65.80764531
2021-12-30,65.80764531
2021-12-30,65.80764531
2021-12-31,69.18800967
2021-12-31,69.18800967
2021-12-31,69.18800967
2021-12-31,69.18800967
2022-01-01,81.8538076
2022-01-01,81.8538076
2022-01-01,81.8538076
2022-01-01,81.8538076
2022-01-02,65.65051067
2022-01-02,65.65051067
2022-01-02,65.65051067
2022-01-02,65.65051067
2022-01-03,66.47427774
2022-01-03,66.47427774
2022-01-03,66.47427774
2022-01-03,66.47427774
2022-01-04,76.42504312
2022-01-04,76.42504312
2022-01-04,76.42504312
2022-01-04,76.42504312
2022-01-05,84.29715868
2022-01-05,84.29715868
2022-01-05,84.29715868
2022-01-05,84.29715868
2022-01-06,81.47489213
2022-01-06,81.47489213
2022-01-06,81.47489213
2022-01-06,81.47489213
2022-01-07,77.63831073
2022-01-07,77.63831073
2022-01-07,77.63831073
2022-01-07,77.63831073
2022-01-08,69.05185207
2022-01-08,69.05185207
2022-01-08,69.05185207
2022-01-08,69.05185207
2022-01-09,78.23460502
2022-01-09,78.23460502
2022-01-09,78.23460502
2022-01-09,78.23460502
2022-01-10,66.30059209
2022-01-10,66.30059209
2022-01-10,66.30059209
2022-01-10,66.30059209
2022-01-11,72.89682864
2022-01-11,72.89682864
2022-01-11,72.89682864
2022-01-11,72.89682864
2022-01-12,73.90059889
2022-01-12,73.90059889
2022-01-12,73.90059889
2022-01-12,73.90059889
2022-01-13,72.13886011
2022-01-13,72.13886011
2022-01-13,72.13886011
2022-01-13,72.13886011
2022-01-14,79.20010713
2022-01-14,79.20010713
2022-01-14,79.20010713
2022-01-14,79.20010713
2022-01-15,62.20011401
2022-01-15,62.20011401
2022-01-15,62.20011401
2022-01-15,62.20011401
2022-01-16,80.28306189
2022-01-16,80.28306189
2022-01-16,80.28306189
2022-01-16,80.28306189
2022-01-17,68.12121868
2022-01-17,68.12121868
2022-01-17,68.12121868
2022-01-17,68.12121868
2022-01-18,70.80019178
2022-01-18,70.80019178
2022-01-18,70.80019178
2022-01-18,70.80019178
2022-01-19,83.02552142
2022-01-19,83.02552142
2022-01-19,83.02552142
2022-01-19,83.02552142
2022-01-20,64.04077298
2022-01-20,64.04077298
2022-01-20,64.04077298
2022-01-20,64.04077298
2022-01-21,60.63213688
2022-01-21,60.63213688
2022-01-21,60.63213688
2022-01-21,60.63213688
2022-01-22,84.54523677
2022-01-22,84.54523677
2022-01-22,84.54523677
2022-01-22,84.54523677
2022-01-23,75.22079782
2022-01-23,75.22079782
2022-01-23,75.22079782
2022-01-23,75.22079782
2022-01-24,67.11032304
2022-01-24,67.11032304
2022-01-24,67.11032304
2022-01-24,67.11032304
2022-01-25,78.31024597
2022-01-25,78.31024597
2022-01-25,78.31024597
2022-01-25,78.31024597
2022-01-26,60.29664984
2022-01-26,60.29664984
2022-01-26,60.29664984
2022-01-26,60.29664984
2022-01-27,78.85656951
2022-01-27,78.85656951
2022-01-27,78.85656951
2022-01-27,78.85656951
2022-01-28,68.94567612
2022-01-28,68.94567612
2022-01-28,68.94567612
2022-01-28,68.94567612
2022-01-29,74.73075858
2022-01-29,74.73075858
2022-01-29,74.73075858
2022-01-29,74.73075858
2022-01-30,67.11002873
2022-01-30,67.11002873
2022-01-30,67.11002873
2022-01-30,67.11002873
2022-01-31,75.77677861
2022-01-31,75.77677861
2022-01-31,75.77677861
2022-01-31,75.77677861
2022-02-01,83.96580278
2022-02-01,83.96580278
2022-02-01,83.96580278
2022-02-01,83.96580278
2022-02-02,71.12279493
2022-02-02,71.12279493
2022-02-02,71.12279493
2022-02-02,71.12279493
2022-02-03,73.10165055
2022-02-03,73.10165055
2022-02-03,73.10165055
2022-02-03,73.10165055
2022-02-04,76.74767657
2022-02-04,76.74767657
2022-02-04,76.74767657
2022-02-04,76.74767657
2022-02-05,74.90105231
2022-02-05,74.90105231
2022-02-05,74.90105231
2022-02-05,74.90105231
2022-02-06,80.45926838
2022-02-06,80.45926838
2022-02-06,80.45926838
2022-02-06,80.45926838
2022-02-07,84.43258109
2022-02-07,84.43258109
2022-02-07,84.43258109
2022-02-07,84.43258109
2022-02-08,72.70172073
2022-02-08,72.70172073
2022-02-08,72.70172073
2022-02-08,72.70172073
2022-02-09,60.08424986
2022-02-09,60.08424986
2022-02-09,60.08424986
2022-02-09,60.08424986
2022-02-10,83.91931644
2022-02-10,83.91931644
2022-02-10,83.91931644
2022-02-10,83.91931644
2022-02-11,79.65668846
2022-02-11,79.65668846
2022-02-11,79.65668846
2022-02-11,79.65668846
2022-02-12,78.08217373
2022-02-12,78.08217373
2022-02-12,78.08217373
2022-02-12,78.08217373
2022-02-13,82.09957151
2022-02-13,82.09957151
2022-02-13,82.09957151
2022-02-13,82.09957151
2022-02-14,80.13385608
2022-02-14,80.13385608
2022-02-14,80.13385608
2022-02-14,80.13385608
2022-02-15,61.82999024
2022-02-15,61.82999024
2022-02-15,61.82999024
2022-02-15,61.82999024
2022-02-16,70.0142312
2022-02-16,70.0142312
2022-02-16,70.0142312
2022-02-16,70.0142312
2022-02-17,83.28806881
2022-02-17,83.28806881
2022-02-17,83.28806881
2022-02-17,83.28806881
2022-02-18,72.93344219
2022-02-18,72.93344219
2022-02-18,72.93344219
2022-02-18,72.93344219
2022-02-19,82.80901823
2022-02-19,82.80901823
2022-02-19,82.80901823
2022-02-19,82.80901823
2022-02-20,68.36250313
2022-02-20,68.36250313
2022-02-20,68.36250313
2022-02-20,68.36250313
2022-02-21,71.36819868
2022-02-21,71.36819868
2022-02-21,71.36819868
2022-02-21,71.36819868
2022-02-22,61.7251071
2022-02-22,61.7251071
2022-02-22,61.7251071
2022-02-22,61.7251071
2022-02-23,74.42923155
2022-02-23,74.42923155
2022-02-23,74.42923155
2022-02-23,74.42923155
2022-02-24,73.82318859
2022-02-24,73.82318859
2022-02-24,73.82318859
2022-02-24,73.82318859
2022-02-25,72.01322331
2022-02-25,72.01322331
2022-02-25,72.01322331
2022-02-25,72.01322331
2022-02-26,63.55540791
2022-02-26,63.55540791
2022-02-26,63.55540791
2022-02-26,63.55540791
2022-02-27,60.4253492
2022-02-27,60.4253492
2022-02-27,60.4253492
2022-02-27,60.4253492
2022-02-28,79.10204234
2022-02-28,79.10204234
2022-02-28,79.10204234
2022-02-28,79.10204234
2022-03-01,64.19322198
2022-03-01,64.19322198
2022-03-01,64.19322198
2022-03-01,64.19322198
2022-03-02,78.89950203
2022-03-02,78.89950203
2022-03-02,78.89950203
2022-03-02,78.89950203
2022-03-03,66.98188831
2022-03-03,66.98188831
2022-03-03,66.98188831
2022-03-03,66.98188831
2022-03-04,69.41035626
2022-03-04,69.41035626
2022-03-04,69.41035626
2022-03-04,69.41035626
2022-03-05,67.99813517
2022-03-05,67.99813517
2022-03-05,67.99813517
2022-03-05,67.99813517
2022-03-06,80.94850319
2022-03-06,80.94850319
2022-03-06,80.94850319
2022-03-06,80.94850319
2022-03-07,61.79529248
2022-03-07,61.79529248
2022-03-07,61.79529248
2022-03-07,61.79529248
2022-03-08,62.23306752
2022-03-08,62.23306752
2022-03-08,62.23306752
2022-03-08,62.23306752
2022-03-09,68.59186344
2022-03-09,68.59186344
2022-03-09,68.59186344
2022-03-09,68.59186344
2022-03-10,70.3314167
2022-03-10,70.3314167
2022-03-10,70.3314167
2022-03-10,70.3314167
2022-03-11,73.28192158
2022-03-11,73.28192158
2022-03-11,73.28192158
2022-03-11,73.28192158
2022-03-12,71.02692361
2022-03-12,71.02692361
2022-03-12,71.02692361
2022-03-12,71.02692361
2022-03-13,81.83482392
2022-03-13,81.83482392
2022-03-13,81.83482392
2022-03-13,81.83482392
2022-03-14,84.6320141
2022-03-14,84.6320141
2022-03-14,84.6320141
2022-03-14,84.6320141
2022-03-15,69.92692102
2022-03-15,69.92692102
2022-03-15,69.92692102
2022-03-15,69.92692102
2022-03-16,78.8960938
2022-03-16,78.8960938
2022-03-16,78.8960938
2022-03-16,78.8960938
2022-03-17,64.72382442
2022-03-17,64.72382442
2022-03-17,64.72382442
2022-03-17,64.72382442
2022-03-18,67.24210793
2022-03-18,67.24210793
2022-03-18,67.24210793
2022-03-18,67.24210793
2022-03-19,63.24397744
2022-03-19,63.24397744
2022-03-19,63.24397744
2022-03-19,63.24397744
2022-03-20,81.63273763
2022-03-20,81.63273763
2022-03-20,81.63273763
2022-03-20,81.63273763
2022-03-21,71.05735294
2022-03-21,71.05735294
2022-03-21,71.05735294
2022-03-21,71.05735294
2022-03-22,81.63150936
2022-03-22,81.63150936
2022-03-22,81.63150936
2022-03-22,81.63150936
2022-03-23,71.90614872
2022-03-23,71.90614872
2022-03-23,71.90614872
2022-03-23,71.90614872
2022-03-24,79.91179805
2022-03-24,79.91179805
2022-03-24,79.91179805
2022-03-24,79.91179805
